Table: Total Primary Energy Consumption (Quadrillion Btu);;;;;;;;;;;;;;;;;;;;;;;;;;;;;;;
;;;;;;;;;;;;;;;;;;;;;;;;;;;;;;;
;;1980;1981;1982;1983;1984;1985;1986;1987;1988;1989;1990;1991;1992;1993;1994;1995;1996;1997;1998;1999;2000;2001;2002;2003;2004;2005;2006;2007;2008;2009
;;;;;;;;;;;;;;;;;;;;;;;;;;;;;;;
North America;;91.49787;89.82128;86.64257;86.22497;90.6032;90.96346;91.24179;94.12101;98.32298;100.79731;100.13875;100.53846;102.32709;104.28119;106.47369;108.51523;112.06501;112.90539;113.31756;115.68524;118.22366;115.34494;117.04696;117.9565;120.43228;121.19222;120.76629;122.60986;120.50649;114.60466
Bermuda;;0.00793;0.00686;0.00727;0.00771;0.00752;0.00741;0.007;0.00988;0.0108;0.01315;0.00928;0.00805;0.00647;0.00695;0.00743;0.00739;0.0075;0.00752;0.00752;0.00752;0.0075;0.00744;0.00752;0.00814;0.00869;0.00927;0.00922;0.01018;0.00981;0.01002
Canada;;9.6947;9.58952;9.20637;9.18989;9.78461;10.15233;10.25423;10.5858;11.05397;11.20107;10.9789;11.11606;11.45821;11.7016;12.02059;12.21144;12.55007;12.64528;12.3415;12.96396;13.06207;12.86778;13.09166;13.5206;13.83128;14.16706;13.81737;14.07127;13.95134;13.04236
Greenland;;0.00791;0.00746;0.00722;0.00505;0.00799;0.00714;0.00462;0.00335;0.00777;0.00671;0.00787;0.00779;0.00687;0.00708;0.00719;0.00719;0.00728;0.00746;0.00756;0.00756;0.00772;0.00796;0.00805;0.00809;0.00813;0.00829;0.00846;0.00826;0.00917;0.00846
Mexico;;3.71845;4.10949;4.32049;4.04957;4.16918;4.40226;4.32653;4.46445;4.53802;4.78677;4.65395;4.96517;5.06959;5.14022;5.34528;5.25893;5.47693;5.64207;5.94209;6.05326;6.33098;6.29268;6.29362;6.441;6.42139;6.72527;7.29096;7.19497;7.25725;6.99549
Saint Pierre and Miquelon;;0.0022;0.00221;0.00203;0.00221;0.00216;0.00191;0.0024;0.00306;0.00319;0.00365;0.00359;0.00341;0.00318;0.00174;0.00183;0.00122;0.00121;0.00083;0.00096;0.00096;0.00105;0.00096;0.00096;0.00105;0.00113;0.00117;0.00118;0.00122;0.00123;0.00148
United States;;78.06668;76.10575;73.09919;72.97055;76.63174;76.3924;76.64702;79.05446;82.70921;84.78595;84.48516;84.43798;85.78277;87.42359;89.09138;91.02906;94.02201;94.60223;95.01791;96.65197;98.81434;96.16811;97.64514;97.97761;100.16166;100.28116;99.63911;101.32397;99.27768;94.54685
Central & South America;;11.53539;11.48711;11.47884;11.34359;12.08147;12.31643;13.07322;13.36335;13.70194;14.16146;14.48223;15.09116;15.28089;13.86584;16.81864;17.57155;18.49613;19.4222;20.0945;20.2615;20.78808;21.08235;21.07898;21.52896;22.46005;23.17628;24.29797;24.60162;25.62086;25.24786
Antarctica;;0.00213;0.00213;0.00212;0.00213;0.0027;0.00304;0.00275;0.00283;0.00291;0.00288;0.00292;0.00305;0.00304;0.00304;0.00305;0.00314;0.00313;0.00314;0.00314;0.00314;0.00313;0.00318;0.00318;0.00327;0.00325;0.0035;0.0035;0.00337;0.00376;0.00427
Antigua and Barbuda;;0.00598;0.00531;0.00711;0.00415;0.0047;0.00461;0.00462;0.00564;0.0058;0.00582;0.00608;0.006;0.00598;0.00588;0.00661;0.00679;0.00677;0.00705;0.00705;0.00705;0.00725;0.00727;0.00732;0.00776;0.00836;0.00909;0.00927;0.00891;0.00973;0.00998
Argentina;;1.64051;1.59727;1.67291;1.69301;1.83715;1.74184;1.89741;1.95164;1.95674;1.93995;1.87408;1.97159;2.04717;1.97028;2.24289;2.31166;2.39413;2.46368;2.57497;2.6039;2.66823;2.61206;2.48142;2.66661;2.77985;2.95387;3.12033;3.26135;3.33786;3.30383
Aruba;;--;--;--;--;--;--;0.00146;0.00146;0.00556;0.00747;0.00787;0.00858;0.00921;0.0089;0.0104;0.01201;0.0079;0.01264;0.01277;0.01277;0.01349;0.01353;0.01353;0.01442;0.01452;0.01487;0.01597;0.01461;0.01407;0.01616
Bahamas, The;;0.0599;0.06326;0.0541;0.04065;0.03669;0.03321;0.03275;0.03622;0.0338;0.03847;0.04116;0.0365;0.03061;0.02965;0.03625;0.04254;0.04778;0.04751;0.0536;0.04834;0.04749;0.0466;0.0469;0.0566;0.0572;0.0658;0.06591;0.06274;0.07109;0.0743
Barbados;;0.01446;0.0153;0.01527;0.01613;0.01555;0.01715;0.01826;0.01731;0.01645;0.01773;0.0184;0.01857;0.01877;0.01777;0.018;0.01844;0.0164;0.02033;0.02098;0.0215;0.02378;0.02293;0.02293;0.02335;0.01599;0.0216;0.0206;0.0187;0.01735;0.02012
Belize;;0.00371;0.00344;0.00325;0.00325;0.00351;0.00352;0.00421;0.00348;0.00262;0.00362;0.00495;0.00548;0.00474;0.00442;0.00449;0.00552;0.00495;0.0075;0.00747;0.00767;0.01074;0.01377;0.01314;0.01345;0.01432;0.01511;0.01637;0.01675;0.01697;0.01659
Bolivia;;0.07454;0.0834;0.07371;0.07562;0.07319;0.06694;0.06835;0.06706;0.07765;0.08738;0.09257;0.09115;0.09798;0.08434;0.10824;0.12327;0.12115;0.13548;0.12563;0.14115;0.16188;0.14477;0.15696;0.19831;0.20208;0.20016;0.22596;0.23315;0.24956;0.25414
Brazil;;4.02179;3.88321;3.94323;3.94192;4.30882;4.59267;4.9686;5.11182;5.28481;5.44799;5.75124;5.99391;6.07328;5.00428;6.61796;7.01667;7.44847;7.85007;8.10649;8.25282;8.52612;8.43611;8.55009;8.66095;8.99517;9.34698;9.68601;10.10456;10.31258;10.28798
Cayman Islands;;0.00144;0.00155;0.00155;0.00151;0.00155;0.00159;0.0016;0.00163;0.00382;0.00388;0.00396;0.00422;0.0043;0.00386;0.00445;0.00483;0.00486;0.00487;0.00496;0.00496;0.0049;0.00496;0.00496;0.00514;0.00551;0.00578;0.00657;0.00757;0.00925;0.00635
Chile;;0.42668;0.41949;0.37365;0.37945;0.39224;0.39888;0.38895;0.41039;0.44866;0.50603;0.56478;0.56348;0.60505;0.61029;0.69493;0.77018;0.8367;0.94607;0.93171;0.98852;1.01272;1.04496;1.06213;1.11478;1.19737;1.27842;1.3157;1.07854;1.32921;1.20966
Colombia;;0.69636;0.71547;0.76684;0.77864;0.85268;0.86345;0.90079;0.82399;0.91932;0.95303;0.88934;0.96592;0.97554;0.99902;1.09836;1.09355;1.18948;1.22775;1.23993;1.17954;1.17229;1.16377;1.16042;1.20275;1.21616;1.26857;1.31299;1.35178;1.36358;1.33835
Costa Rica;;0.05545;0.0572;0.0558;0.06133;0.05911;0.05935;0.05825;0.06449;0.06984;0.07579;0.0744;0.07934;0.08816;0.09278;0.10145;0.10566;0.1068;0.11822;0.12122;0.13302;0.14035;0.14488;0.15256;0.16048;0.16372;0.16132;0.17418;0.18358;0.18971;0.18503
Cuba;;0.45633;0.46398;0.50137;0.45973;0.47576;0.48409;0.50085;0.49279;0.50004;0.51029;0.49813;0.46219;0.40865;0.37036;0.41119;0.41866;0.42828;0.47184;0.44913;0.45638;0.45923;0.46553;0.46649;0.46313;0.51919;0.45073;0.35543;0.37196;0.35773;0.38456
Dominica;;0.00048;0.00061;0.0006;0.00067;0.00068;0.00073;0.00072;0.00077;0.00096;0.00101;0.00101;0.00101;0.00101;0.001;0.0012;0.00135;0.00135;0.00136;0.00147;0.00153;0.00148;0.00175;0.00191;0.00203;0.00188;0.0016;0.00195;0.00193;0.00204;0.00232
Dominican Republic;;0.08726;0.08641;0.09122;0.10872;0.09397;0.10676;0.10905;0.12611;0.13375;0.12745;0.13871;0.14123;0.14653;0.1285;0.14663;0.1591;0.17257;0.18202;0.18803;0.21785;0.23413;0.24456;0.25247;0.28606;0.27168;0.27211;0.28132;0.2937;0.29397;0.31537
Ecuador;;0.18651;0.19313;0.21098;0.19725;0.2079;0.2206;0.23703;0.2338;0.2423;0.2372;0.25381;0.26809;0.29819;0.25434;0.31462;0.30813;0.3324;0.34286;0.35013;0.33588;0.34462;0.3609;0.36515;0.37612;0.3921;0.40695;0.44359;0.47109;0.57325;0.51598
El Salvador;;0.04527;0.04153;0.04156;0.0424;0.04507;0.04512;0.04824;0.04681;0.05113;0.05198;0.05335;0.05274;0.05998;0.05674;0.06822;0.08398;0.08586;0.08625;0.09858;0.10341;0.10035;0.10462;0.10339;0.11288;0.11053;0.11641;0.12084;0.12192;0.11986;0.11926
Falkland Islands (Islas Malvinas);;0.00017;0.00017;0.00017;0.00017;0.00017;0.00022;0.00022;0.00022;0.00043;0.00039;0.00035;0.00035;0.00035;0.00035;0.00035;0.00039;0.00044;0.00048;0.00039;0.00039;0.00039;0.0004;0.00044;0.00044;0.00048;0.00053;0.00057;0.00065;0.00068;0.00065
French Guiana;;0.00515;0.00443;0.00565;0.00581;0.00463;0.00465;0.00542;0.00598;0.00706;0.00796;0.00951;0.01075;0.00861;0.01128;0.01169;0.01332;0.01329;0.01332;0.01355;0.01355;0.01369;0.01373;0.0141;0.01472;0.01425;0.01484;0.01498;0.01442;0.01351;0.01491
Grenada;;0.00067;0.00077;0.00085;0.00083;0.00085;0.00088;0.00098;0.00102;0.00111;0.00115;0.00178;0.00178;0.00183;0.00181;0.00237;0.00221;0.00244;0.00308;0.00278;0.00278;0.00181;0.00318;0.00345;0.00349;0.00352;0.00361;0.00381;0.00377;0.0039;0.00465
Guadeloupe;;0.00707;0.0101;0.01275;0.01339;0.01483;0.01341;0.01378;0.01567;0.01712;0.01916;0.02063;0.0216;0.02005;0.02142;0.02398;0.0246;0.02436;0.02481;0.02486;0.02486;0.02632;0.02679;0.02733;0.02931;0.02985;0.03126;0.03275;0.03631;0.03707;0.0332
Guatemala;;0.06717;0.05719;0.05804;0.063;0.05405;0.06058;0.06525;0.06536;0.07126;0.07487;0.08067;0.07871;0.08572;0.08497;0.10377;0.10762;0.11619;0.12913;0.14275;0.15274;0.15738;0.16919;0.16805;0.17696;0.19602;0.20922;0.20824;0.2093;0.20002;0.21595
Guyana;;0.02142;0.02434;0.01956;0.01726;0.01973;0.02005;0.01933;0.0147;0.01461;0.00977;0.00942;0.01085;0.01239;0.01523;0.01556;0.0133;0.01421;0.01557;0.0197;0.02096;0.0229;0.02354;0.02393;0.02341;0.02101;0.02313;0.022;0.02186;0.02235;0.02116
Haiti;;0.015;0.01088;0.0143;0.01285;0.01307;0.01495;0.01467;0.0213;0.02316;0.02134;0.01413;0.01418;0.01531;0.01099;0.01;0.01564;0.01822;0.02185;0.02161;0.02341;0.02408;0.02601;0.02652;0.02639;0.02686;0.02719;0.02785;0.02907;0.03579;0.03162
Honduras;;0.03317;0.03085;0.0315;0.0329;0.03382;0.03222;0.03763;0.03635;0.04547;0.05259;0.0593;0.05895;0.06051;0.05982;0.0609;0.06496;0.07339;0.07457;0.08028;0.08749;0.08601;0.09293;0.09774;0.10037;0.10915;0.11653;0.12276;0.13458;0.13234;0.1366
Jamaica;;0.11805;0.09955;0.08658;0.09239;0.07545;0.06769;0.06822;0.07341;0.08471;0.09729;0.10342;0.10546;0.11563;0.11283;0.12189;0.13437;0.13774;0.14501;0.14798;0.15216;0.14632;0.14694;0.15052;0.15666;0.15831;0.15254;0.17138;0.18028;0.17851;0.16189
Martinique;;0.00934;0.00919;0.00917;0.00906;0.00813;0.00979;0.01053;0.01194;0.01429;0.02028;0.02189;0.01806;0.02012;0.02504;0.02706;0.02766;0.02769;0.02772;0.02777;0.02777;0.02815;0.02841;0.02879;0.03002;0.03085;0.03266;0.03259;0.03382;0.03016;0.03598
Montserrat;;0.00026;0.00028;0.00028;0.00028;0.00028;0.00031;0.00031;0.00035;0.0004;0.0004;0.00053;0.00049;0.00057;0.00057;0.00057;0.00066;0.00062;0.00066;0.00071;0.00071;0.00075;0.00075;0.00075;0.00084;0.00092;0.00097;0.00106;0.00115;0.00117;0.00212
Netherlands Antilles;;0.23781;0.22241;0.21486;0.19761;0.18614;0.15532;0.1517;0.15405;0.14343;0.15139;0.14774;0.14015;0.13817;0.11235;0.14504;0.15289;0.1525;0.16189;0.16162;0.15601;0.15593;0.15784;0.15109;0.14478;0.14548;0.15318;0.16036;0.16864;0.19364;0.15079
Nicaragua;;0.03277;0.03356;0.03337;0.03173;0.03214;0.03573;0.03478;0.03609;0.03669;0.03994;0.03715;0.03501;0.03949;0.03745;0.04173;0.04455;0.04667;0.04837;0.05226;0.05645;0.05523;0.05893;0.06094;0.0621;0.06603;0.07075;0.07022;0.07124;0.07113;0.06749
Panama;;0.18343;0.18621;0.17593;0.17807;0.18243;0.16576;0.17099;0.17813;0.1752;0.17082;0.18056;0.17942;0.18147;0.17562;0.20396;0.21581;0.1933;0.19883;0.20817;0.20489;0.20636;0.20343;0.20283;0.19681;0.22719;0.2202;0.22937;0.23497;0.23819;0.23683
Paraguay;;0.0279;0.02715;0.02639;0.02846;0.03129;0.05515;0.11264;0.1677;0.17444;0.21662;0.23076;0.2449;0.23047;0.25682;0.30165;0.34792;0.36317;0.40086;0.40787;0.42376;0.42971;0.37938;0.39444;0.4241;0.41508;0.40976;0.42508;0.4253;0.4405;0.43659
Peru;;0.40399;0.43033;0.42903;0.40122;0.41196;0.41853;0.4496;0.45514;0.45353;0.40696;0.38488;0.38174;0.37597;0.39737;0.45226;0.47396;0.50352;0.48603;0.503;0.51295;0.52865;0.53767;0.54603;0.55724;0.57425;0.60339;0.65921;0.65862;0.72694;0.77677
Puerto Rico;;0.42761;0.45014;0.33107;0.3207;0.35934;0.31086;0.33724;0.35071;0.3202;0.3123;0.30014;0.37303;0.33257;0.30891;0.35589;0.36377;0.37427;0.38432;0.39356;0.32745;0.44069;0.47836;0.48162;0.51986;0.53042;0.51355;0.51434;0.42645;0.44085;0.41532
Saint Kitts and Nevis;;0.00075;0.00079;0.00091;0.00074;0.00075;0.00075;0.00075;0.00079;0.00092;0.00092;0.00092;0.00106;0.00105;0.00118;0.00141;0.00128;0.00145;0.00145;0.00145;0.00145;0.00145;0.00145;0.00145;0.00163;0.00179;0.00189;0.00249;0.00354;0.00355;0.00423
Saint Lucia;;0.00164;0.0013;0.00155;0.00143;0.00143;0.00176;0.00177;0.00198;0.00242;0.00243;0.00243;0.00243;0.00251;0.00229;0.00278;0.00283;0.00282;0.00296;0.00296;0.00296;0.00471;0.00494;0.00504;0.00552;0.00533;0.00532;0.00548;0.00577;0.00603;0.00635
Saint Vincent/Grenadines;;0.00073;0.00069;0.00074;0.00074;0.00074;0.00085;0.00087;0.00095;0.00112;0.00149;0.00141;0.00125;0.0014;0.00125;0.002;0.00209;0.00208;0.00221;0.00261;0.00261;0.00269;0.00268;0.00284;0.00296;0.00318;0.00317;0.0031;0.00314;0.00316;0.00446
Suriname;;0.04058;0.03563;0.03487;0.0247;0.02339;0.02843;0.02605;0.01907;0.02224;0.03013;0.03454;0.03523;0.03449;0.03413;0.03533;0.03394;0.03357;0.03409;0.03431;0.03452;0.02927;0.03074;0.032;0.03275;0.03364;0.03496;0.03608;0.03571;0.03589;0.03629
Trinidad and Tobago;;0.17413;0.16712;0.16779;0.18491;0.25078;0.27406;0.20582;0.19155;0.19772;0.21256;0.22625;0.25307;0.24796;0.26418;0.31131;0.32537;0.35886;0.38909;0.38749;0.39859;0.42054;0.47353;0.49997;0.53888;0.58999;0.67326;0.82111;0.8241;0.89598;0.85831
Turks and Caicos Islands;;0;0;0;0;0;0;0;0;0;0;0;0;0;0;0;0.00019;0.00019;0.00019;0.00021;0.00021;0.00039;0.00023;0.00018;0.00018;0.00017;0.00018;0.00017;0.001;0.00222;0.00106
Uruguay;;0.10936;0.10367;0.0985;0.12028;0.11708;0.10847;0.11381;0.12167;0.11877;0.10472;0.13353;0.11906;0.13619;0.12952;0.13782;0.1243;0.12843;0.14155;0.1771;0.15925;0.16413;0.16183;0.16805;0.16298;0.1406;0.1564;0.1483;0.17645;0.17627;0.15619
Venezuela;;1.5883;1.72323;1.7466;1.6837;1.71362;1.74239;1.88679;1.92305;1.93668;2.06224;2.08687;2.21113;2.2178;2.06923;2.43677;2.46985;2.57638;2.66169;2.85389;2.647;2.76891;3.03054;2.93435;2.72292;2.93095;2.89474;3.16788;3.07768;3.23477;3.18422
Virgin Islands,  U.S.;;0.24982;0.22395;0.16259;0.1143;0.13365;0.1496;0.09966;0.11733;0.08209;0.12507;0.11595;0.11875;0.12131;0.08506;0.12289;0.12184;0.12054;0.12303;0.12754;0.30632;0.13864;0.19195;0.19075;0.22458;0.23458;0.22889;0.23891;0.21603;0.22305;0.1879
Virgin Islands, British;;0.00032;0.00051;0.00051;0.00051;0.00047;0.00048;0.00053;0.00062;0.00066;0.0007;0.0007;0.0007;0.00075;0.00075;0.00075;0.00075;0.00084;0.00084;0.00084;0.00084;0.00084;0.00084;0.00084;0.00097;0.00123;0.00132;0.00141;0.00153;0.0016;0.00212
Europe;;71.74653;69.5102;68.77485;69.12386;70.81606;72.94133;74.54776;76.018;76.45323;77.01409;76.26454;75.85307;74.65871;74.93642;74.83129;76.68211;79.2966;79.46248;80.08192;80.11025;81.16882;82.42888;82.16299;83.80499;85.33063;85.75922;86.35642;85.73294;85.59684;81.05459
Albania;;0.15475;0.15461;0.15416;0.15878;0.16072;0.16086;0.15769;0.1573;0.16167;0.1503;0.10797;0.09283;0.08337;0.05894;0.0692;0.07627;0.08487;0.07729;0.08352;0.09466;0.09619;0.0916;0.09516;0.11449;0.11651;0.12092;0.11852;0.10319;0.10963;0.12463
Austria;;1.09577;1.08623;1.03457;1.04021;1.06518;1.08788;1.08336;1.03252;1.11489;1.13012;1.16401;1.22195;1.19959;1.23994;1.23205;1.28687;1.33618;1.35214;1.37867;1.38306;1.39222;1.44818;1.45797;1.47712;1.51066;1.55778;1.54112;1.5213;1.52342;1.46169
Belgium;;2.06423;2.05095;1.93514;1.84186;1.90722;2.00146;2.0658;2.10008;2.09054;2.15121;2.18858;2.27396;2.23895;2.24139;2.37563;2.43831;2.58635;2.64536;2.69771;2.65446;2.73311;2.70175;2.67853;2.7814;2.80681;2.77775;2.75463;2.75026;2.91235;2.60534
Bosnia and Herzegovina;;--;--;--;--;--;--;--;--;--;--;--;--;0.2585;0.19454;0.10419;0.17611;0.11437;0.15959;0.18607;0.19127;0.22358;0.22112;0.2316;0.22736;0.25338;0.27217;0.2838;0.27583;0.29711;0.3038
Bulgaria;;1.32139;1.31357;1.35888;1.37968;1.39121;1.42884;1.41493;1.40928;1.40933;1.31732;1.18045;0.91293;0.90167;0.80713;0.84447;0.92138;0.94847;0.91626;0.84782;0.77173;0.86772;0.90417;0.87459;0.88654;0.87473;0.91486;0.93661;0.83888;0.81478;0.74593
Croatia;;--;--;--;--;--;--;--;--;--;--;--;--;0.31231;0.30039;0.33778;0.34423;0.34821;0.35472;0.37228;0.37461;0.3756;0.38411;0.37378;0.39311;0.40816;0.40418;0.41522;0.39596;0.40671;0.39914
Cyprus;;0.04202;0.03622;0.03868;0.04296;0.04405;0.04677;0.04851;0.05427;0.05423;0.06548;0.06967;0.07014;0.08134;0.07297;0.09299;0.09256;0.09056;0.09221;0.09985;0.10526;0.10312;0.1125;0.11064;0.11157;0.11762;0.11984;0.12625;0.12657;0.13153;0.1255
Czech Republic;;--;--;--;--;--;--;--;--;--;--;--;--;--;1.60225;1.54047;1.56479;1.65331;1.46253;1.42235;1.33331;1.39554;1.44098;1.43969;1.50501;1.50207;1.5435;1.58777;1.63353;1.6145;1.53074
Denmark;;0.86306;0.74856;0.73866;0.69914;0.71871;0.814;0.81503;0.83236;0.80544;0.75262;0.76892;0.84469;0.79389;0.84066;0.87656;0.88268;0.97825;0.94102;0.91975;0.89224;0.87328;0.88588;0.85388;0.89482;0.8608;0.84088;0.8969;0.87447;0.83684;0.78901
Faroe Islands;;0.00663;0.00051;0.00051;0.00052;0.00051;0.00051;0.00764;0.00801;0.00848;0.0093;0.00995;0.0092;0.00927;0.00892;0.00933;0.00977;0.00994;0.01003;0.01009;0.01002;0.01022;0.01022;0.01049;0.0105;0.01068;0.01086;0.01172;0.0113;0.01139;0.01162
Finland;;0.97218;0.98988;0.90641;0.90382;0.94532;0.95667;0.98873;1.06452;1.06046;1.0708;1.06221;1.08104;1.13291;1.1435;1.18216;1.12729;1.14022;1.17451;1.22029;1.20869;1.21386;1.22696;1.24833;1.31843;1.34342;1.26035;1.3199;1.3241;1.29004;1.19516
Former Czechoslovakia;;2.74465;2.72524;2.71119;2.73763;2.78659;2.84158;2.92215;2.98367;2.89939;2.92971;2.90599;2.56488;2.38451;--;--;--;--;--;--;--;--;--;--;--;--;--;--;--;--;--
Former Serbia and Montenegro;;--;--;--;--;--;--;--;--;--;--;--;--;0.66429;0.53018;0.55562;0.47592;0.74418;0.75556;0.78056;0.62643;0.62744;0.66237;0.73842;0.73911;0.7587;0.71346;--;--;--;--
Former Yugoslavia;;1.66547;1.74257;1.78375;1.82429;2.12645;2.19666;2.20724;2.22166;2.22773;2.23046;2.13426;1.90296;--;--;--;--;--;--;--;--;--;--;--;--;--;--;--;--;--;--
France;;8.38888;8.06714;7.7905;7.91184;8.17075;8.34985;8.48675;8.61137;8.59016;8.87517;9.12536;9.73798;9.77974;9.80212;9.78119;10.05206;10.4237;10.36193;10.5899;10.71491;10.85028;11.0897;10.99796;11.11782;11.30307;11.35255;11.3769;11.19391;11.29033;10.6578
Germany;;--;--;--;--;--;--;--;--;--;--;--;14.29849;14.03825;14.07191;14.00882;14.38117;14.39407;14.3405;14.32624;14.10967;14.24432;14.61872;14.32451;14.58586;14.70149;14.3995;14.65477;14.18592;14.35461;13.46057
Germany, East;;3.59379;3.56468;3.60263;3.5452;3.60512;3.80455;3.8116;3.82739;3.81678;3.71624;3.39701;--;--;--;--;--;--;--;--;--;--;--;--;--;--;--;--;--;--;--
Germany, West;;11.27028;10.76921;10.49559;10.49458;10.80876;11.02438;11.40743;11.40608;11.47327;11.1784;11.45957;--;--;--;--;--;--;--;--;--;--;--;--;--;--;--;--;--;--;--
Gibraltar;;0.00738;0.00827;0.00736;0.00581;0.0054;0.01246;0.01868;0.01898;0.02451;0.02104;0.02185;0.02252;0.03988;0.04068;0.04172;0.04181;0.04186;0.04181;0.04825;0.04203;0.09355;0.05126;0.05216;0.0535;0.05489;0.05644;0.05775;0.05952;0.06104;0.05289
Greece;;0.75171;0.74718;0.72815;0.74775;0.76766;0.80896;0.83651;0.89817;0.9576;1.00161;1.03846;1.05581;1.02019;1.07289;1.08676;1.12387;1.14503;1.19901;1.27411;1.26625;1.33768;1.35491;1.35923;1.43684;1.42652;1.43461;1.47776;1.49882;1.46976;1.41346
Hungary;;1.20988;1.20101;1.19572;1.20769;1.18705;1.23217;1.24261;1.27868;1.24846;1.24638;1.18137;1.13202;1.05491;1.02678;1.0282;1.03443;1.06987;1.04573;1.0525;1.05051;1.02237;1.05717;1.06095;1.085;1.08504;1.15707;1.14725;1.11114;1.10614;1.03297
Iceland;;0.05649;0.05619;0.05982;0.06287;0.06693;0.06615;0.06864;0.07091;0.07335;0.07658;0.07818;0.07607;0.07769;0.08137;0.08283;0.08429;0.09049;0.09432;0.10354;0.11224;0.11922;0.12191;0.12586;0.12757;0.12898;0.12977;0.14196;0.1655;0.20701;0.20526
Ireland;;0.32304;0.31186;0.30854;0.29988;0.30755;0.31388;0.3391;0.33993;0.334;0.34706;0.36766;0.38463;0.39173;0.40312;0.42265;0.43219;0.45893;0.48852;0.5307;0.56483;0.60026;0.62838;0.62447;0.61899;0.64376;0.66386;0.70193;0.69311;0.69126;0.63163
Italy;;6.11717;6.00108;5.85958;5.75121;6.01082;6.02781;6.1078;6.331;6.48621;6.67551;6.72279;6.87303;6.83888;6.82722;6.73348;7.04581;7.0733;7.18103;7.38548;7.5108;7.58576;7.62679;7.6558;7.90754;8.02404;8.08285;8.01146;7.88698;7.83816;7.3199
Luxembourg;;0.14196;0.12659;0.12047;0.11458;0.1236;0.12539;0.125;0.12419;0.12887;0.13777;0.14471;0.15656;0.15564;0.1626;0.15668;0.1392;0.14184;0.14212;0.13838;0.14596;0.15388;0.16141;0.16989;0.17891;0.19738;0.20152;0.2011;0.19942;0.19579;0.1734
Macedonia;;--;--;--;--;--;--;--;--;--;--;--;--;0.11972;0.12041;0.11189;0.11526;0.12501;0.12249;0.13989;0.12905;0.11505;0.10637;0.1066;0.11728;0.11939;0.12209;0.12084;0.11964;0.11976;0.11794
Malta;;0.01888;0.02056;0.02211;0.01587;0.02247;0.01833;0.021;0.02361;0.02654;0.02898;0.03049;0.03103;0.03098;0.03471;0.03589;0.03366;0.03497;0.03735;0.03905;0.04454;0.03919;0.0329;0.03939;0.03925;0.03973;0.04122;0.03904;0.04138;0.04255;0.04201
Montenegro;;--;--;--;--;--;--;--;--;--;--;--;--;--;--;--;--;--;--;--;--;--;--;--;--;--;--;0.03479;0.0358;0.03625;0.04148
Netherlands;;3.20502;3.00721;2.87289;2.81453;2.88156;3.00962;3.14291;3.23155;3.24036;3.25926;3.31086;3.49493;3.46762;3.53915;3.50781;3.57602;3.73323;3.69979;3.69067;3.68218;3.794;3.92949;3.94004;4.00059;4.11159;4.22287;4.13852;4.17357;4.13641;4.04989
Norway;;1.34103;1.38834;1.34656;1.47001;1.53129;1.54751;1.54194;1.57291;1.60034;1.67164;1.71084;1.61974;1.7125;1.7106;1.68049;1.78555;1.68736;1.75197;1.80402;1.88528;1.95901;1.87131;1.93527;1.82071;1.89209;1.96824;1.80794;1.93785;1.94174;1.90101
Poland;;5.06796;4.57704;4.58383;4.59384;4.75503;4.91312;5.00005;5.16208;5.0579;4.86104;3.95008;3.87055;3.83451;3.96778;3.81633;3.70083;4.13981;4.08462;3.84836;3.97631;3.62417;3.45452;3.43842;3.57144;3.70189;3.6735;3.85061;3.8588;3.88948;3.98331
Portugal;;0.43149;0.36906;0.48664;0.50029;0.52866;0.53583;0.56926;0.5882;0.65129;0.70028;0.74735;0.7478;0.75639;0.7687;0.80794;0.84018;0.87594;0.91275;0.97352;1.02307;1.06956;1.08497;1.08194;1.11617;1.11108;1.11053;1.08303;1.10717;1.05826;1.05064
Romania;;2.75196;2.7643;2.88751;2.94744;2.87816;2.88837;2.96275;3.03482;2.99265;3.10534;2.81496;2.20882;2.05094;1.86926;1.86797;2.01514;2.05075;2.025;1.73667;1.59261;1.58611;1.71549;1.68369;1.63078;1.68934;1.71126;1.72153;1.70549;1.68185;1.45431
Serbia;;--;--;--;--;--;--;--;--;--;--;--;--;--;--;--;--;--;--;--;--;--;--;--;--;--;--;0.74051;0.7278;0.70493;0.7072
Slovakia;;--;--;--;--;--;--;--;--;--;--;--;--;--;0.77882;0.7458;0.80378;0.78591;0.77561;0.77297;0.76944;0.78496;0.82643;0.83817;0.81447;0.79884;0.82566;0.81973;0.78672;0.80218;0.72236
Slovenia;;--;--;--;--;--;--;--;--;--;--;--;--;0.2321;0.23123;0.24741;0.27805;0.30341;0.29136;0.29125;0.29419;0.29279;0.29891;0.30199;0.30092;0.31411;0.31782;0.31755;0.31422;0.33719;0.32721
Spain;;3.04408;3.09005;3.33173;3.41925;3.25094;3.33717;3.39223;3.49437;3.74424;3.85778;3.9228;4.14678;4.11877;4.02062;4.18091;4.31361;4.40577;4.69546;4.91975;5.16392;5.53112;5.78614;5.86723;6.17796;6.38971;6.50034;6.55173;6.71489;6.50843;6.07624
Sweden;;2.0745;2.04197;1.88243;1.93752;2.03011;2.16753;2.19951;2.26714;2.23013;2.19853;2.21678;2.2125;2.24362;2.24311;2.25819;2.30822;2.27205;2.31615;2.40122;2.36637;2.26834;2.4026;2.2745;2.16689;2.30481;2.3281;2.20885;2.24261;2.21818;2.08342
Switzerland;;1.13929;1.05743;1.03484;1.08662;1.06238;1.15513;1.16494;1.16849;1.18795;1.1524;1.18113;1.2227;1.23472;1.22598;1.24534;1.2388;1.21393;1.23458;1.26362;1.32456;1.29631;1.34935;1.28411;1.30199;1.29179;1.26231;1.28468;1.28347;1.31892;1.31313
Turkey;;1.04087;0.97646;1.12445;1.16247;1.22581;1.33405;1.49782;1.65551;1.70408;1.80295;1.97307;2.06432;2.12729;2.32756;2.22966;2.48977;2.74778;2.92597;2.99426;2.90557;3.16262;2.89367;3.1458;3.31722;3.51186;3.73418;4.07064;4.39211;4.28965;4.0383
United Kingdom;;8.84074;8.51623;8.37158;8.40572;8.45009;8.73387;8.90013;9.04893;9.05235;9.29279;9.27721;9.52221;9.27204;9.56901;9.53287;9.45224;10.0467;9.75318;9.73864;9.79027;9.72639;9.87667;9.74192;9.85783;9.92569;9.92638;9.80311;9.44172;9.34866;8.90572
Eurasia;;46.73513;47.22093;49.26201;50.41837;53.41549;55.68861;57.47549;58.82369;60.75979;60.06916;60.97528;57.60298;52.99682;47.60344;44.03192;42.22229;39.75116;37.60024;37.07418;38.14322;39.18859;38.86597;40.22872;41.64283;42.66815;42.83141;42.40117;43.90348;44.8833;40.19619
Armenia;;--;--;--;--;--;--;--;--;--;--;--;--;0.19984;0.14554;0.13423;0.13419;0.16968;0.14562;0.15267;0.15564;0.16247;0.1646;0.16393;0.17541;0.18063;0.20158;0.2038;0.22112;0.21598;0.20838
Azerbaijan;;--;--;--;--;--;--;--;--;--;--;--;--;0.9918;0.76598;0.76195;0.73143;0.64552;0.63778;0.5443;0.56342;0.52002;0.52053;0.59178;0.60157;0.63523;0.65709;0.69678;0.5908;0.71636;0.68056
Belarus;;--;--;--;--;--;--;--;--;--;--;--;--;1.52941;1.24347;1.07594;1.00994;1.00954;0.99603;0.97627;0.98677;1.05214;0.96268;0.90747;0.98457;0.95119;1.12401;1.15428;1.18792;1.12024;1.04785
Estonia;;--;--;--;--;--;--;--;--;--;--;--;--;0.29165;0.18966;0.18979;0.1756;0.22544;0.21632;0.2312;0.19224;0.1963;0.20389;0.20339;0.22365;0.23264;0.23214;0.23107;0.24744;0.24327;0.20649
Former U.S.S.R.;;46.73513;47.22093;49.26201;50.41837;53.41549;55.68861;57.47549;58.82369;60.75979;60.06916;60.97528;57.60298;--;--;--;--;--;--;--;--;--;--;--;--;--;--;--;--;--;--
Georgia;;--;--;--;--;--;--;--;--;--;--;--;--;0.32759;0.19109;0.1548;0.15086;0.15873;0.16348;0.16531;0.14406;0.13752;0.12619;0.14756;0.13234;0.13504;0.15002;0.13792;0.16475;0.17193;0.17654
Kazakhstan;;--;--;--;--;--;--;--;--;--;--;--;--;3.42894;2.85513;2.29445;1.90435;1.96301;1.68726;1.62533;1.79159;1.83351;1.93523;1.99277;1.82516;2.18332;2.23411;2.37702;2.38347;2.36547;2.20749
Kyrgyzstan;;--;--;--;--;--;--;--;--;--;--;--;--;0.29244;0.24353;0.2343;0.19044;0.22943;0.21813;0.21854;0.23592;0.24136;0.22777;0.19289;0.20385;0.21189;0.21021;0.21543;0.20302;0.17757;0.16637
Latvia;;--;--;--;--;--;--;--;--;--;--;--;--;0.22314;0.16423;0.16171;0.17263;0.17215;0.16174;0.16027;0.14799;0.15412;0.16092;0.15399;0.16068;0.17569;0.18532;0.18437;0.18628;0.16325;0.17782
Lithuania;;--;--;--;--;--;--;--;--;--;--;--;--;0.47702;0.37634;0.35493;0.37862;0.36093;0.35896;0.39095;0.30442;0.2973;0.31679;0.34054;0.35264;0.35316;0.35257;0.35275;0.38578;0.37461;0.36352
Moldova;;--;--;--;--;--;--;--;--;--;--;--;--;0.28316;0.20184;0.15647;0.1392;0.15137;0.15359;0.13853;0.11022;0.11014;0.10728;0.11896;0.1305;0.12268;0.1338;0.14314;0.13299;0.13814;0.1313
Russia;;--;--;--;--;--;--;--;--;--;--;--;--;34.11539;30.58359;29.22488;27.94037;25.92188;24.39265;24.26826;25.33394;26.13801;25.70491;26.66113;27.41221;27.89702;27.67704;27.42652;28.43011;29.36671;26.81613
Tajikistan;;--;--;--;--;--;--;--;--;--;--;--;--;0.28994;0.25421;0.25274;0.20849;0.22971;0.2189;0.2264;0.24176;0.23909;0.24705;0.25201;0.27054;0.27419;0.28561;0.28146;0.27971;0.25702;0.23841
Turkmenistan;;--;--;--;--;--;--;--;--;--;--;--;--;0.31126;0.27038;0.28682;0.30405;0.29793;0.30586;0.28061;0.31785;0.40112;0.50227;0.58452;0.75923;0.80707;0.85443;0.8638;0.92401;0.9579;0.9772
Ukraine;;--;--;--;--;--;--;--;--;--;--;--;--;8.57337;8.08747;7.00352;6.91332;6.33645;6.06835;5.85077;5.75359;5.75077;5.64105;5.82162;6.28258;6.25434;6.37205;5.90599;6.3395;6.26746;4.70338
Uzbekistan;;--;--;--;--;--;--;--;--;--;--;--;--;1.66187;2.03098;1.74539;1.8688;1.8794;1.87558;1.84477;1.86382;1.95472;2.04481;2.09616;2.12792;2.25405;2.1614;2.22683;2.22658;2.34739;2.09477
Middle East;;5.83749;6.15628;6.37354;7.18191;7.85076;8.55686;9.16563;9.74435;10.32518;10.87565;11.21824;11.35637;12.27175;11.39114;13.57652;13.80713;14.56599;15.61825;16.29045;16.64119;17.3528;17.98017;19.03027;19.81824;20.96744;22.87736;23.9546;23.93076;26.14891;27.79102
Bahrain;;0.13752;0.15787;0.16794;0.17792;0.17157;0.20492;0.22078;0.26522;0.22898;0.23439;0.25635;0.28713;0.24078;0.27663;0.28338;0.28363;0.28439;0.33517;0.35172;0.35646;0.36474;0.37722;0.39762;0.40773;0.41884;0.45747;0.49948;0.5244;0.54657;0.55724
Iran;;1.58261;1.48862;1.70731;2.09302;2.22534;2.39652;2.42887;2.54105;2.70365;2.98498;3.10319;3.23305;3.356;3.2392;3.68527;3.82476;3.96104;4.4335;4.58254;4.84077;5.02294;5.39314;5.89321;6.18879;6.40669;7.33454;7.67592;7.89669;8.09856;9.01511
Iraq;;0.52402;0.48294;0.4624;0.55081;0.53817;0.56653;0.62292;0.63925;0.76751;0.82522;0.91771;0.6001;0.83887;0.84464;1.10244;1.13058;1.12469;1.04127;1.05605;1.07373;1.08419;1.13411;1.14428;1.0122;1.12508;1.18546;1.17309;1.25937;1.3136;1.412
Israel;;0.35096;0.36699;0.37468;0.36977;0.3814;0.35678;0.37165;0.39237;0.42507;0.44373;0.45182;0.47963;0.54028;0.53244;0.61975;0.62197;0.66144;0.71418;0.7261;0.73572;0.81129;0.87407;0.8409;0.85308;0.85549;0.87581;0.88357;0.87777;0.83155;0.91033
Jordan;;0.07704;0.09157;0.10455;0.11201;0.11582;0.12027;0.12935;0.14108;0.13173;0.13508;0.14553;0.1376;0.16057;0.14067;0.1836;0.1931;0.20535;0.19888;0.21528;0.21447;0.22545;0.2202;0.23062;0.25148;0.27821;0.29423;0.30837;0.30975;0.30782;0.3181
Kuwait;;0.48089;0.35214;0.35013;0.3885;0.4067;0.40268;0.45144;0.53896;0.61897;0.6963;0.44637;0.21583;0.3488;0.41377;0.57307;0.59178;0.74935;0.798;0.84566;0.86067;0.90963;0.88264;0.88761;0.96046;1.00698;1.15851;1.14497;1.13625;1.1738;1.24469
Lebanon;;0.10473;0.09745;0.09447;0.09773;0.09399;0.10834;0.10323;0.10697;0.09781;0.07744;0.07142;0.11807;0.11896;0.14042;0.17031;0.18276;0.19219;0.21977;0.22429;0.23013;0.23433;0.22499;0.22859;0.23803;0.22844;0.21854;0.19424;0.17922;0.18233;0.18484
Oman;;0.06467;0.06873;0.08358;0.09677;0.10035;0.11874;0.13477;0.13861;0.13042;0.16839;0.18358;0.20997;0.20445;0.22356;0.23685;0.22439;0.23107;0.26757;0.34683;0.30098;0.34089;0.34692;0.36024;0.3566;0.38096;0.48919;0.56151;0.59225;0.70056;0.75399
Palestine;;--;--;--;--;--;--;--;--;--;--;--;--;--;--;--;--;--;0.00957;0.01471;0.01499;0.01978;0.0266;0.02469;0.02643;0.04026;0.04934;0.05351;0.05453;0.05852;0.0635
Qatar;;0.2143;0.202;0.23742;0.22323;0.26846;0.24321;0.25573;0.26227;0.26799;0.27809;0.34252;0.39711;0.47494;0.53468;0.55856;0.5629;0.57852;0.61006;0.62262;0.5938;0.64476;0.5025;0.5271;0.58437;0.70528;0.84411;0.90625;0.94693;0.96896;1.02457
Saudi Arabia;;1.66331;2.02483;1.96743;2.12312;2.46675;2.71018;3.01461;3.07255;3.18356;3.12648;3.3474;3.49925;3.6636;2.90916;3.90046;3.82572;4.10441;4.3656;4.54323;4.60224;4.85276;5.1387;5.38353;5.76125;6.20771;6.59341;6.91564;6.25568;7.52675;7.83421
Syria;;0.27405;0.28914;0.29523;0.33399;0.36831;0.38492;0.38388;0.43466;0.45274;0.48254;0.56278;0.52102;0.53779;0.5452;0.63357;0.60911;0.65218;0.69498;0.7525;0.77364;0.78206;0.76222;0.83027;0.82867;0.84816;0.80629;0.81859;0.81826;0.82728;0.85852
United Arab Emirates;;0.26731;0.43622;0.41384;0.5109;0.58179;0.79708;0.90726;1.07115;1.17287;1.2686;1.22933;1.49165;1.61408;1.46204;1.49157;1.60656;1.66878;1.77107;1.83821;1.86471;1.8663;1.89112;2.05573;2.1047;2.21903;2.31365;2.53901;2.82421;3.29263;3.26
Yemen;;0.09609;0.09778;0.11456;0.10413;0.13211;0.14669;0.14115;0.14022;0.14387;0.15439;0.16025;0.16598;0.17264;0.12871;0.13769;0.14988;0.15258;0.15864;0.17072;0.17888;0.19367;0.20573;0.22587;0.24444;0.2463;0.25679;0.28046;0.25545;0.31997;0.35391
Africa;;6.79632;6.99771;7.56437;7.91308;8.32584;8.50477;8.74902;8.97366;9.32305;9.27496;9.4632;9.84033;9.9332;9.34113;10.39697;10.64878;10.92445;11.40046;11.29669;11.6294;12.03414;12.62266;12.71203;13.34734;13.95301;14.53669;14.61679;15.1535;16.18025;16.05253
Algeria;;0.80085;0.68005;0.9578;1.07399;1.15572;1.04784;1.0604;1.1349;1.20786;1.17025;1.2169;1.35505;1.29959;1.08345;1.23763;1.30333;1.26434;1.2026;1.25334;1.25165;1.23857;1.25615;1.27659;1.2927;1.26393;1.48134;1.54318;1.61954;1.72123;1.83893
Angola;;0.05816;0.05805;0.0618;0.06667;0.05992;0.07307;0.07392;0.07532;0.07828;0.07641;0.07983;0.08283;0.08553;0.08089;0.08235;0.0876;0.08436;0.09326;0.08492;0.09419;0.09094;0.1193;0.12741;0.13525;0.14463;0.14826;0.16655;0.18699;0.19783;0.20426
Benin;;0.00659;0.00662;0.00469;0.00686;0.00669;0.00787;0.00764;0.00598;0.00716;0.00768;0.00889;0.01017;0.01141;0.01244;0.01308;0.01428;0.01534;0.01668;0.01787;0.01954;0.02426;0.02449;0.02594;0.03053;0.03556;0.03725;0.04387;0.04764;0.05043;0.05374
Botswana;;0.01518;0.01542;0.01436;0.014;0.01442;0.01906;0.02021;0.02299;0.02467;0.0282;0.03297;0.0342;0.03907;0.0369;0.03956;0.04291;0.03967;0.04159;0.04732;0.04831;0.05755;0.05139;0.05201;0.05007;0.05715;0.06134;0.06293;0.06143;0.0641;0.05962
Burkina Faso;;0.00613;0.00617;0.00618;0.00621;0.00621;0.00591;0.00692;0.00722;0.00738;0.0066;0.00705;0.00812;0.00821;0.00866;0.01017;0.0104;0.01089;0.01705;0.01562;0.01608;0.01662;0.01662;0.01729;0.01803;0.01832;0.01877;0.01862;0.02082;0.02012;0.02011
Burundi;;0.00159;0.0018;0.00159;0.00202;0.00259;0.00277;0.00281;0.00319;0.00471;0.00505;0.00548;0.00606;0.00577;0.00427;0.00674;0.00658;0.00668;0.00676;0.00671;0.00661;0.00658;0.00712;0.00727;0.00729;0.00667;0.00668;0.00638;0.00615;0.00405;0.00699
Cameroon;;0.04713;0.05217;0.06048;0.06024;0.06116;0.06392;0.06991;0.06649;0.06631;0.07724;0.07769;0.07856;0.0788;0.05979;0.07455;0.07634;0.07601;0.08;0.08001;0.07822;0.08132;0.08165;0.07808;0.08387;0.08674;0.08577;0.09245;0.09829;0.10491;0.09666
Cape Verde;;0.00454;0.00453;0.002;0.00196;0.00239;0.00236;0.0008;0.00089;0.00128;0.00137;0.00146;0.0015;0.00159;0.00137;0.00178;0.00174;0.00184;0.00184;0.00185;0.00185;0.00318;0.00214;0.00228;0.00227;0.00433;0.00373;0.0042;0.00493;0.00507;0.00493
Central African Republic;;0.00274;0.00334;0.00358;0.00376;0.00363;0.00358;0.00427;0.0039;0.00412;0.00396;0.00424;0.00441;0.0045;0.00459;0.00484;0.00484;0.00489;0.005;0.00507;0.00507;0.00539;0.00549;0.00565;0.00567;0.00536;0.00531;0.00562;0.00626;0.00642;0.0055
Chad;;0.00407;0.00389;0.00389;0.00389;0.00186;0.00222;0.00399;0.00348;0.00232;0.00238;0.00493;0.00461;0.00464;0.00194;0.00248;0.00247;0.00255;0.00257;0.00257;0.00257;0.00278;0.00284;0.00293;0.00293;0.00272;0.00302;0.00325;0.00379;0.00362;0.00423
Comoros;;0.00063;0.00063;0.00063;0.00063;0.00064;0.00055;0.00055;0.00087;0.00091;0.00092;0.00118;0.00114;0.00114;0.0009;0.00118;0.00118;0.00118;0.00118;0.00123;0.00123;0.00136;0.00141;0.00146;0.00147;0.00151;0.00161;0.00163;0.00201;0.00211;0.00214
Congo (Brazzaville);;0.01194;0.01421;0.01282;0.01141;0.01205;0.01726;0.01512;0.01842;0.01503;0.01726;0.01927;0.01766;0.01681;0.01302;0.01455;0.01472;0.01546;0.01529;0.01435;0.01184;0.01302;0.016;0.0154;0.01722;0.01848;0.02494;0.0286;0.03007;0.03941;0.04544
Congo (Kinshasa);;0.09072;0.09277;0.09408;0.09741;0.09554;0.09769;0.10398;0.09915;0.10981;0.11239;0.10628;0.10518;0.11521;0.1074;0.09838;0.10828;0.10937;0.09877;0.09347;0.09292;0.09171;0.08267;0.07982;0.08113;0.09578;0.09882;0.1004;0.10654;0.10329;0.10691
Cote dIvoire (IvoryCoast);;0.07388;0.08135;0.07638;0.07388;0.06544;0.07711;0.07858;0.08658;0.0905;0.09075;0.07791;0.06585;0.06377;0.06313;0.07474;0.08127;0.10143;0.09546;0.09637;0.12522;0.13277;0.10998;0.10706;0.10877;0.11398;0.11226;0.11289;0.11843;0.12948;0.13037
Djibouti;;0.02205;0.0177;0.01779;0.01314;0.01096;0.01082;0.00974;0.00996;0.00973;0.02304;0.02326;0.02353;0.02359;0.02266;0.02427;0.02416;0.02416;0.0245;0.0245;0.0245;0.02465;0.02502;0.02506;0.02559;0.0259;0.02565;0.02374;0.02319;0.01642;0.02539
Egypt;;0.70639;0.82834;0.92715;1.05147;1.15066;1.21268;1.24476;1.29745;1.30184;1.34836;1.43795;1.43262;1.42707;1.37148;1.55635;1.58777;1.72707;1.78967;1.84917;1.9228;2.00513;2.22519;2.25766;2.4329;2.58311;2.72195;2.56473;2.73907;3.23363;3.38708
Equatorial Guinea;;0.00085;0.00084;0.00106;0.00106;0.00106;0.0012;0.00121;0.00116;0.00116;0.00168;0.00173;0.00182;0.00172;0.00181;0.00186;0.00185;0.0019;0.00204;0.00278;0.00278;0.00433;0.00354;0.04942;0.05064;0.0059;0.05036;0.05045;0.0588;0.05802;0.05965
Eritrea;;--;--;--;--;--;--;--;--;--;--;--;--;--;--;0.01373;0.0152;0.01553;0.01574;0.01685;0.01422;0.00888;0.01052;0.00977;0.01103;0.01037;0.01036;0.01035;0.00973;0.01108;0.0112
Ethiopia;;0.03009;0.03056;0.03403;0.03878;0.03855;0.04553;0.04451;0.05018;0.04922;0.05208;0.05321;0.04599;0.06159;0.05553;0.044;0.04756;0.03972;0.04016;0.05209;0.06111;0.06451;0.06957;0.0745;0.08134;0.08518;0.09097;0.10302;0.11177;0.13165;0.12996
Gabon;;0.02842;0.03203;0.03022;0.04146;0.03733;0.03172;0.02869;0.03333;0.0353;0.04399;0.04329;0.04422;0.0455;0.04047;0.0442;0.04172;0.04332;0.04567;0.04419;0.03988;0.03677;0.03813;0.03788;0.03891;0.03923;0.03832;0.04229;0.04345;0.05314;0.04537
Gambia, The;;0.00224;0.00223;0.00223;0.00223;0.00246;0.00242;0.00225;0.0026;0.00269;0.00265;0.00271;0.00282;0.00282;0.00299;0.00331;0.00309;0.00308;0.00309;0.00327;0.00327;0.00365;0.00392;0.00401;0.00406;0.00408;0.00423;0.00453;0.00559;0.00583;0.00635
Ghana;;0.08608;0.08299;0.08261;0.05537;0.05144;0.05842;0.07788;0.08511;0.09327;0.10297;0.10037;0.10433;0.11333;0.10665;0.115;0.11703;0.12352;0.12183;0.09528;0.11604;0.14286;0.1419;0.13071;0.12545;0.14495;0.14937;0.15015;0.13327;0.14904;0.18514
Guinea;;0.01374;0.0135;0.01372;0.01373;0.01406;0.01239;0.016;0.01676;0.01713;0.01665;0.02186;0.01738;0.01777;0.01674;0.0187;0.01865;0.01884;0.01978;0.0201;0.02096;0.02176;0.02345;0.02392;0.02207;0.02363;0.02358;0.02306;0.02344;0.02426;0.0227
Guinea-Bissau;;0.00123;0.00123;0.00125;0.00125;0.00168;0.00181;0.00142;0.00262;0.00293;0.00307;0.00388;0.00397;0.004;0.00343;0.00437;0.00432;0.00436;0.00437;0.00437;0.00437;0.00485;0.0049;0.00508;0.00521;0.00518;0.00538;0.00533;0.00551;0.00541;0.00635
Kenya;;0.09913;0.10191;0.10094;0.10042;0.09909;0.10318;0.10949;0.10052;0.1132;0.12209;0.12414;0.11471;0.12336;0.12155;0.13323;0.13847;0.14406;0.13479;0.14881;0.14207;0.14093;0.14278;0.14904;0.16067;0.16812;0.18237;0.2004;0.20158;0.18767;0.19539
Lesotho;;0.00212;0.00192;0.00212;0.00212;0.00212;0.00219;0.0022;0.0022;0.0015;0.0022;0.00285;0.0029;0.00306;0.00311;0.00352;0.00357;0.0036;0.00355;0.0032;0.00467;0.00588;0.00598;0.00615;0.00635;0.00595;0.00662;0.00531;0.00566;0.00587;0.00613
Liberia;;0.03184;0.02937;0.02955;0.02942;0.02581;0.0262;0.02118;0.01655;0.02054;0.01685;0.00814;0.00476;0.00483;0.0049;0.00533;0.00533;0.00553;0.00559;0.00577;0.00577;0.00616;0.00652;0.00705;0.00727;0.00735;0.00745;0.00858;0.00942;0.00844;0.00994
Libya;;0.39743;0.3575;0.3539;0.38078;0.38419;0.42109;0.44198;0.45225;0.46429;0.48088;0.51011;0.53234;0.49646;0.44235;0.53086;0.55334;0.58466;0.61762;0.59319;0.55764;0.62988;0.66709;0.69699;0.68428;0.75794;0.77757;0.73594;0.76331;0.74296;0.78062
Madagascar;;0.01891;0.01648;0.0152;0.01936;0.01928;0.02096;0.01523;0.02076;0.02275;0.01724;0.01698;0.01744;0.01853;0.01785;0.02097;0.02178;0.02227;0.02273;0.02332;0.02339;0.03093;0.03335;0.03755;0.03941;0.04278;0.04138;0.04095;0.04182;0.04554;0.04727
Malawi;;0.01192;0.01244;0.01174;0.01072;0.01064;0.01132;0.01148;0.01196;0.01164;0.01306;0.0149;0.01725;0.01741;0.0165;0.01847;0.01906;0.01936;0.01949;0.02088;0.02213;0.02334;0.02387;0.02445;0.02447;0.02725;0.02886;0.02896;0.0311;0.03087;0.0329
Mali;;0.00704;0.00907;0.00726;0.00741;0.00754;0.00814;0.00675;0.00767;0.00482;0.00835;0.00844;0.00868;0.00904;0.0093;0.00953;0.00956;0.00958;0.00988;0.01;0.01001;0.01023;0.01029;0.01102;0.0111;0.01144;0.0125;0.01163;0.01188;0.01213;0.01351
Mauritania;;0.0092;0.00898;0.00909;0.00904;0.01316;0.01301;0.00741;0.01022;0.01311;0.01524;0.01356;0.0143;0.04602;0.03934;0.04727;0.04792;0.04817;0.04856;0.04874;0.04874;0.04976;0.04976;0.04748;0.04879;0.04151;0.04908;0.04206;0.03878;0.0438;0.04331
Mauritius;;0.01366;0.01206;0.012;0.01287;0.01342;0.01444;0.01754;0.0155;0.0212;0.0251;0.02774;0.02774;0.03286;0.03086;0.03249;0.03554;0.03538;0.03581;0.03691;0.04068;0.05337;0.05977;0.0543;0.05601;0.05877;0.06075;0.0638;0.06572;0.06569;0.06689
Morocco;;0.22621;0.21636;0.2182;0.22408;0.20998;0.22413;0.25189;0.25296;0.26609;0.29726;0.30899;0.31944;0.32663;0.30248;0.39049;0.37388;0.39885;0.40594;0.41548;0.43711;0.44698;0.4812;0.48811;0.49114;0.4922;0.49762;0.51637;0.52827;0.59787;0.60946
Mozambique;;0.17546;0.06689;0.06445;0.08622;0.03419;0.03311;0.01812;0.01736;0.02463;0.02016;0.02036;0.02085;0.02042;0.02184;0.02133;0.02241;0.02159;0.02587;0.03217;0.07782;0.10085;0.13068;0.13324;0.13221;0.14246;0.15817;0.17736;0.17863;0.16705;0.18289
Namibia;;--;--;--;--;--;--;--;--;--;--;0.03435;0.01809;0.01694;0.01796;0.0203;0.03191;0.03087;0.03002;0.03332;0.03856;0.0415;0.04742;0.0503;0.05393;0.0569;0.05861;0.0626;0.06488;0.0726;0.07154
Niger;;0.00915;0.00951;0.00999;0.01031;0.01085;0.01088;0.00918;0.01015;0.01359;0.01419;0.01457;0.01466;0.01486;0.015;0.0154;0.01536;0.01526;0.01508;0.01515;0.01495;0.01511;0.01549;0.01643;0.01689;0.01738;0.0171;0.01708;0.01728;0.01306;0.01901
Nigeria;;0.42228;0.51801;0.51696;0.51838;0.55649;0.59952;0.58736;0.61963;0.66323;0.71807;0.69886;0.7694;0.78635;0.74862;0.7432;0.83268;0.8494;0.85069;0.81581;0.81752;0.80941;0.91104;0.93475;0.97853;0.98351;1.09125;1.03987;0.99648;1.0498;0.77284
Reunion;;0.01195;0.01261;0.01375;0.01546;0.01624;0.01672;0.01671;0.01822;0.01952;0.02169;0.02318;0.02508;0.02604;0.02653;0.03262;0.03241;0.0335;0.03404;0.04271;0.04275;0.04413;0.04593;0.04587;0.04595;0.04641;0.04728;0.0478;0.04898;0.05047;0.05173
Rwanda;;0.00354;0.00645;0.00646;0.00729;0.01097;0.01128;0.01098;0.0113;0.01132;0.01174;0.01199;0.01214;0.01245;0.00873;0.01151;0.01169;0.01151;0.01186;0.01221;0.01184;0.01234;0.01233;0.01248;0.01278;0.01204;0.01242;0.0124;0.01099;0.01132;0.01211
Saint Helena;;0;0.00004;0.00004;0.00004;0.00004;0.00004;0.00004;0.00009;0.00009;0.00009;0.00009;0.00004;0.00004;0.00009;0.00009;0.00009;0.00009;0.00009;0.00009;0.00009;0.00031;0.00018;0.00018;0.00018;0.00013;0.00018;0.00016;0.00018;0.00014;0.00021
Sao Tome and Principe;;0.00054;0.00054;0.00055;0.00053;0.00055;0.00057;0.00056;0.00057;0.00057;0.00057;0.00105;0.0011;0.00114;0.00109;0.00119;0.00119;0.00118;0.00119;0.00118;0.0012;0.00138;0.00132;0.00139;0.0014;0.00138;0.00141;0.00158;0.00194;0.00196;0.00223
Senegal;;0.03698;0.03586;0.03666;0.03503;0.04167;0.04088;0.04037;0.04066;0.03474;0.03616;0.03577;0.03308;0.04033;0.03416;0.0509;0.05484;0.05502;0.05055;0.05378;0.05923;0.06314;0.06302;0.06587;0.06795;0.07787;0.08321;0.08531;0.0868;0.08805;0.0907
Seychelles;;0.00316;0.00253;0.00234;0.00405;0.00426;0.00437;0.00438;0.00467;0.00647;0.00686;0.0063;0.00678;0.00697;0.0071;0.00725;0.00729;0.00727;0.00782;0.00782;0.00782;0.0081;0.00835;0.01215;0.01185;0.01228;0.01209;0.016;0.01338;0.01472;0.01481
Sierra Leone;;0.01057;0.01063;0.01141;0.01076;0.01071;0.01167;0.01259;0.01352;0.01472;0.01469;0.01482;0.01553;0.01135;0.00935;0.01052;0.01216;0.01213;0.01243;0.01247;0.01247;0.01335;0.01366;0.01389;0.01421;0.01682;0.01674;0.01659;0.01786;0.02122;0.01982
Somalia;;0.01656;0.01929;0.01893;0.0185;0.0192;0.01888;0.02008;0.0149;0.01508;0.01535;0.01402;0.00835;0.00776;0.00767;0.00803;0.00803;0.00803;0.00803;0.00803;0.00803;0.00998;0.00998;0.00998;0.01009;0.01007;0.01021;0.01071;0.01209;0.01153;0.01284
South Africa;;2.72828;2.95592;3.15803;3.18719;3.4528;3.51604;3.61766;3.66845;3.78098;3.55047;3.52342;3.67624;3.76193;3.67461;4.08411;4.10982;4.16523;4.55685;4.34917;4.46314;4.58358;4.64693;4.53562;4.87588;5.21486;5.12231;5.29131;5.52167;5.70702;5.46869
Sudan and South Sudan;;0.05224;0.05595;0.06067;0.05867;0.05436;0.06154;0.06886;0.06705;0.07187;0.06886;0.06361;0.08789;0.08185;0.07011;0.07032;0.06599;0.06661;0.06814;0.06845;0.07434;0.10275;0.1303;0.13473;0.14868;0.15979;0.17172;0.1916;0.18674;0.20727;0.22582
Swaziland;;0.01009;0.00962;0.00926;0.00736;0.00863;0.01076;0.01038;0.01143;0.01206;0.01258;0.01225;0.01219;0.0122;0.01112;0.01459;0.01567;0.01456;0.01507;0.01635;0.01804;0.01842;0.01833;0.02358;0.02057;0.02081;0.01656;0.01763;0.01972;0.01995;0.01968
Tanzania;;0.03903;0.04366;0.04296;0.03983;0.04243;0.04312;0.04934;0.04561;0.04835;0.04975;0.0545;0.04977;0.05194;0.05324;0.04931;0.04887;0.05138;0.04795;0.05498;0.0582;0.0582;0.06861;0.07525;0.07626;0.08168;0.09101;0.09389;0.11033;0.11747;0.12559
Togo;;0.00961;0.00903;0.00899;0.00932;0.01099;0.01074;0.00911;0.00872;0.00909;0.01039;0.01032;0.01682;0.01229;0.01038;0.01126;0.01229;0.01183;0.01119;0.01226;0.01739;0.02191;0.01588;0.02058;0.03206;0.03397;0.03354;0.03483;0.03759;0.04271;0.04567
Tunisia;;0.12811;0.14107;0.13426;0.1532;0.16706;0.17057;0.18062;0.16845;0.17914;0.20375;0.20195;0.1976;0.19069;0.19936;0.2375;0.21225;0.23096;0.26778;0.28711;0.28948;0.30097;0.33624;0.33846;0.33076;0.33363;0.35825;0.33343;0.31924;0.36394;0.30725
Uganda;;0.01594;0.01135;0.01296;0.01232;0.01351;0.01423;0.01522;0.01369;0.01772;0.01779;0.01941;0.0209;0.02324;0.02214;0.02433;0.02472;0.02541;0.02708;0.02918;0.02925;0.03282;0.03501;0.0365;0.03925;0.04059;0.04166;0.03822;0.04265;0.04351;0.04534
Western Sahara;;0.00236;0.00235;0.00264;0.00256;0.00265;0.0027;0.00271;0.00279;0.00283;0.00283;0.00296;0.00296;0.003;0.00281;0.00292;0.00313;0.00313;0.00313;0.00313;0.00313;0.0036;0.00366;0.00366;0.00366;0.00364;0.00412;0.00365;0.00383;0.00364;0.00423
Zambia;;0.13258;0.13411;0.13764;0.13438;0.13155;0.13022;0.12981;0.12025;0.12248;0.10338;0.1115;0.1076;0.11238;0.10341;0.1003;0.10138;0.09752;0.10684;0.10194;0.09909;0.09924;0.10487;0.10799;0.11254;0.11469;0.12143;0.12701;0.12644;0.12723;0.13244
Zimbabwe;;0.15517;0.15579;0.1451;0.16407;0.155;0.15409;0.18422;0.19702;0.20185;0.20237;0.21972;0.23169;0.2274;0.20708;0.20003;0.19887;0.20497;0.19993;0.19983;0.22761;0.21215;0.19942;0.19982;0.19783;0.17606;0.19398;0.17553;0.17154;0.1642;0.16263
Asia & Oceania;;48.89995;49.7354;50.42565;52.13463;56.59595;59.08212;61.46456;64.4887;69.14951;71.61816;74.38742;77.62232;80.3239;82.07785;90.58859;94.94142;97.55074;102.38273;101.5098;104.26688;106.2367;109.54859;116.18662;125.28983;140.48011;148.31868;155.887;162.51897;171.90481;178.02518
Afghanistan;;0.02698;0.03036;0.03234;0.0387;0.03913;0.03872;0.03976;0.06343;0.11162;0.1103;0.10904;0.04788;0.03233;0.03116;0.03132;0.02652;0.02645;0.02533;0.02461;0.02484;0.02384;0.01768;0.01823;0.01629;0.01612;0.01698;0.0193;0.02119;0.02271;0.02281
American Samoa;;0.00593;0.00692;0.00962;0.00603;0.00695;0.00652;0.00673;0.00686;0.00676;0.00776;0.00807;0.00807;0.00827;0.00797;0.00803;0.0079;0.00801;0.00803;0.00803;0.00803;0.00784;0.00786;0.00799;0.00799;0.00795;0.00846;0.00861;0.00922;0.00856;0.00853
Australia;;2.74282;2.82451;2.89413;2.95852;3.23291;3.26402;3.24834;3.43414;3.41915;3.61846;3.71312;3.70853;3.81157;3.91452;3.92049;4.03608;4.21383;4.55018;4.58152;4.80235;4.83305;5.00286;5.07198;5.11498;5.28554;5.41859;5.45272;5.54482;5.62218;5.58962
Bangladesh;;0.12797;0.13932;0.15025;0.13998;0.16701;0.17329;0.18801;0.20723;0.22947;0.25175;0.25342;0.25726;0.28648;0.29877;0.33952;0.38176;0.38902;0.40315;0.41911;0.46537;0.50385;0.55256;0.584;0.63488;0.67093;0.70895;0.76995;0.80271;0.876;0.94782
Bhutan;;0.00015;0.00045;0.00058;0.00053;0.00048;0.00062;0.00278;0.00965;0.01213;0.01228;0.01303;0.01324;0.01349;0.01323;0.01482;0.01579;0.01751;0.01757;0.01704;0.0172;0.01725;0.01891;0.02104;0.02312;0.02144;0.02348;0.03566;0.05092;0.05413;0.05214
Brunei;;0.08202;0.08518;0.09301;0.07288;0.06434;0.07673;0.05094;0.08183;0.07133;0.08277;0.07026;0.03869;0.05491;0.04865;0.05032;0.06192;0.05773;0.06159;0.05578;0.06268;0.0649;0.07311;0.08476;0.09008;0.10042;0.11553;0.17646;0.18178;0.18903;0.12592
Burma (Myanmar);;0.0695;0.07165;0.07937;0.09098;0.09891;0.10365;0.08891;0.08835;0.08415;0.08858;0.08565;0.08442;0.08816;0.09019;0.1107;0.11753;0.11905;0.12728;0.13868;0.14005;0.15604;0.15259;0.17845;0.19455;0.21095;0.27407;0.25449;0.27564;0.2744;0.25505
Cambodia;;0.00455;0.0048;0.00534;0.00562;0.00614;0.00626;0.00653;0.00663;0.00691;0.00694;0.00702;0.00722;0.00744;0.00744;0.00763;0.02116;0.02339;0.02741;0.03201;0.03263;0.0341;0.03979;0.04278;0.04662;0.05206;0.05532;0.06084;0.06575;0.06894;0.06897
China;;17.28743;17.19205;17.93384;19.00967;20.45343;22.00581;23.23741;24.75911;26.4463;26.95795;26.9986;28.15789;29.26607;30.03293;34.11018;34.75689;35.5535;37.74754;37.03911;36.51697;36.35199;38.41189;43.90983;51.15546;62.9191;68.2469;72.89202;77.29039;84.67288;90.25787
Cook Islands;;0.00042;0.00084;0.00082;0.00083;0.00083;0.00083;0.00076;0.00076;0.00076;0.00067;0.00067;0.00056;0.00067;0.00067;0.00067;0.00067;0.00067;0.00067;0.00067;0.00067;0.0008;0.0008;0.0008;0.0008;0.00089;0.00098;0.00103;0.00096;0.00101;0.00212
Fiji;;0.01529;0.01577;0.01546;0.0132;0.01452;0.01464;0.01766;0.01474;0.01498;0.01718;0.01895;0.01619;0.0166;0.01577;0.0182;0.01939;0.01996;0.01987;0.0193;0.02123;0.02434;0.02626;0.03019;0.03648;0.03989;0.03924;0.04096;0.04081;0.04378;0.04738
French Polynesia;;0.00312;0.00461;0.00624;0.00842;0.01271;0.01117;0.01396;0.01424;0.01435;0.01439;0.01375;0.01363;0.01333;0.01245;0.01081;0.01142;0.01148;0.01149;0.01167;0.01102;0.01072;0.01065;0.01126;0.01361;0.01366;0.01478;0.01609;0.0161;0.01753;0.017
Guam;;0.05329;0.0745;0.05799;0.05546;0.01909;0.0094;0.01564;0.01085;0.01126;0.01071;0.02594;0.02942;0.0351;0.04637;0.06643;0.05038;0.04479;0.05113;0.0422;0.047;0.03928;0.04231;0.02882;0.0331;0.0263;0.02938;0.03058;0.02752;0.02386;0.02303
Hawaiian Trade Zone;;0.09468;0.10902;0.10042;0.09487;0.11496;0.1103;0.06534;--;--;--;--;--;--;--;--;--;--;--;--;--;--;--;--;--;--;--;--;--;--;--
Hong Kong;;0.2724;0.28356;0.31099;0.34283;0.35351;0.37015;0.39209;0.44013;0.49405;0.51427;0.50653;0.49495;0.55623;0.56629;0.59318;0.62864;0.68003;0.69036;0.72987;0.86455;0.80565;0.85755;0.92558;0.95826;1.06668;1.11507;1.10248;1.13666;1.0919;1.0987
India;;4.04087;4.62703;4.73881;4.99261;5.65399;5.91415;6.35848;6.44899;7.04691;7.46151;7.87914;8.37385;8.85032;8.74128;9.95524;11.44262;11.04174;11.63701;12.16625;12.98828;13.4619;13.93706;13.75309;14.22798;15.38307;16.36261;17.66375;18.84763;19.99211;21.68874
Indonesia;;1.16582;1.27211;1.30572;1.38502;1.46096;1.53516;1.65327;1.72279;1.84744;2.09257;2.30815;2.53411;2.63773;2.77454;3.10025;3.24108;3.5301;3.62681;3.51599;3.87339;3.87112;3.89915;4.11573;4.18648;4.36118;4.64156;5.14616;5.56073;5.81722;6.05235
Japan;;15.19765;15.12096;14.57132;14.29306;15.64557;15.69054;15.70954;16.1997;17.21189;17.74972;18.76135;19.31219;19.34402;19.52662;20.32792;20.93385;21.30031;21.83479;21.45514;21.93401;22.40497;22.19299;22.10752;22.11881;22.75565;22.65563;22.85528;22.57557;21.86267;20.59773
Kiribati;;0.00034;0.0004;0.0004;0.0004;0.00029;0.00029;0.00026;0.00031;0.00031;0.00031;0.00031;0.00037;0.00031;0.00031;0.00031;0.00031;0.00031;0.00031;0.00031;0.00031;0.00035;0.00035;0.00045;0.00045;0.00045;0.00054;0.00054;0.00057;0.00053;0.00063
Korea, North;;1.32754;1.37409;1.43933;1.50349;1.54723;1.62406;1.61938;1.56274;1.9215;1.57464;1.53212;1.49528;1.31677;1.21589;1.14549;1.06627;0.91771;0.83831;0.75979;0.82353;0.85941;0.88168;0.85064;0.87877;0.89887;0.93287;0.93706;0.80423;0.88522;0.84057
Korea, South;;1.75836;1.82226;1.83276;2.01014;2.13481;2.30592;2.5749;2.81632;3.12305;3.39632;3.84131;4.34329;4.83041;5.39184;5.83614;6.3613;6.74565;7.32763;6.90303;7.47174;7.83655;8.09744;8.39565;8.65317;8.9107;9.22775;9.33951;9.7056;9.88658;9.95885
Laos;;0.01311;0.01129;0.01159;0.01078;0.00965;0.00939;0.00969;0.0077;0.00724;0.00908;0.01017;0.01069;0.01087;0.01009;0.01107;0.01307;0.01686;0.01904;0.02475;0.02854;0.03535;0.03758;0.03731;0.03586;0.03658;0.03836;0.03939;0.04066;0.04354;0.04313
Macau;;0.00698;0.00655;0.00699;0.00985;0.01087;0.00893;0.01241;0.01384;0.01374;0.01474;0.01513;0.0152;0.0157;0.01616;0.01852;0.01879;0.0209;0.0214;0.02302;0.02444;0.02211;0.02369;0.02586;0.02686;0.03248;0.02857;0.03522;0.03774;0.04144;0.04208
Malaysia;;0.41839;0.43884;0.45554;0.51398;0.61396;0.69926;0.74984;0.75377;0.79964;0.86664;0.97969;1.0869;1.13703;1.16581;1.42724;1.4696;1.64099;1.67018;1.68849;1.74301;1.97671;2.09382;2.17531;2.26785;2.26064;2.28943;2.36514;2.3246;2.61246;2.69309
Maldives;;0.00021;0.00021;0.00021;0.00021;0.00083;0.0009;0.00114;0.00114;0.00123;0.00123;0.00136;0.00136;0.00141;0.00171;0.00342;0.00483;0.0049;0.00433;0.00468;0.00468;0.00663;0.00713;0.01307;0.0147;0.01027;0.00823;0.01136;0.01279;0.01313;0.01269
Mongolia;;0.08316;0.07573;0.09037;0.09304;0.0942;0.10401;0.11106;0.11697;0.1212;0.11563;0.10901;0.12917;0.11171;0.10046;0.0948;0.10003;0.07572;0.06211;0.06221;0.06154;0.06313;0.06517;0.06955;0.06327;0.05803;0.07177;0.08214;0.08515;0.09026;0.094
Nauru;;0.0019;0.00192;0.00192;0.00192;0.00198;0.00197;0.00197;0.00197;0.00196;0.00197;0.00205;0.00205;0.00209;0.00209;0.0021;0.00214;0.00213;0.00214;0.00214;0.00214;0.00213;0.00214;0.00223;0.00223;0.00226;0.00231;0.00226;0.0023;0.00231;0.00254
Nepal;;0.00827;0.0076;0.00974;0.01093;0.01271;0.01102;0.01392;0.0165;0.01656;0.01667;0.01795;0.02188;0.02353;0.02274;0.02706;0.03035;0.03421;0.03694;0.04958;0.05684;0.05805;0.06212;0.0586;0.06154;0.0631;0.06936;0.06769;0.06982;0.07047;0.07761
New Caledonia;;0.02755;0.02651;0.02087;0.01782;0.02156;0.02264;0.02233;0.02183;0.02386;0.02615;0.02489;0.02548;0.02623;0.02572;0.02599;0.02644;0.02728;0.02536;0.026;0.02653;0.02974;0.0292;0.03227;0.03324;0.03547;0.03513;0.04069;0.04264;0.04297;0.04199
New Zealand;;0.49761;0.49292;0.50297;0.52849;0.56337;0.57527;0.62357;0.62883;0.67438;0.67436;0.70608;0.70949;0.70176;0.72401;0.76985;0.77354;0.76589;0.78623;0.77163;0.80666;0.83006;0.82713;0.85325;0.84391;0.85855;0.84651;0.84603;0.84425;0.84531;0.84955
Niue;;0.00004;0.00004;0.00004;0.00004;0.00004;0.00004;0.00004;0.00004;0.00004;0.00004;0.00004;0.00004;0.00004;0.00004;0.00004;0.00004;0.00004;0.00004;0.00004;0.00004;0.00004;0.00004;0.00004;0.00004;0.00004;0.00006;0.00007;0.00007;0.00005;0.00008
Pakistan;;0.63141;0.68508;0.78194;0.79211;0.81937;0.87242;0.93272;1.00649;1.07839;1.13443;1.17658;1.24869;1.30998;1.35773;1.5331;1.58131;1.66887;1.69189;1.73805;1.81396;1.8557;1.80958;1.82418;1.92133;1.98889;2.16307;2.3983;2.4963;2.49078;2.51725
Papua New Guinea;;0.02903;0.02892;0.02886;0.02972;0.0335;0.03514;0.03586;0.03907;0.0368;0.03777;0.03829;0.03802;0.03996;0.04005;0.03886;0.04525;0.04704;0.04448;0.04474;0.04526;0.04557;0.04578;0.06074;0.06931;0.06853;0.06962;0.07245;0.07309;0.08396;0.08853
Philippines;;0.55327;0.53651;0.54076;0.52365;0.5028;0.48589;0.49218;0.55121;0.59046;0.65935;0.67522;0.67364;0.71499;0.73679;0.83954;0.90143;0.95704;1.01277;1.03764;1.10648;1.13364;1.1198;1.14413;1.17563;1.20812;1.21001;1.19972;1.17336;1.19668;1.20002
Samoa;;0.00145;0.00154;0.00171;0.00171;0.00222;0.00181;0.00184;0.00182;0.00182;0.00193;0.00202;0.00202;0.00211;0.00211;0.00202;0.00217;0.0022;0.00224;0.00229;0.00234;0.00234;0.00248;0.0027;0.00263;0.00265;0.00279;0.00275;0.00281;0.00282;0.00261
Singapore;;0.44171;0.46278;0.49037;0.48736;0.51378;0.49804;0.57213;0.63386;0.67652;0.7329;0.80261;0.85451;0.96949;0.96169;1.16758;1.1852;1.35168;1.45078;1.49989;1.48567;1.52226;1.61176;1.59341;1.68288;1.89404;2.03516;2.08117;2.22488;2.54356;2.26007
Solomon Islands;;0.00147;0.00208;0.00189;0.00209;0.0021;0.00183;0.00184;0.00212;0.00233;0.00242;0.00247;0.00247;0.00242;0.00223;0.00234;0.00242;0.00242;0.00242;0.00242;0.00242;0.0025;0.00251;0.0026;0.0026;0.00267;0.00294;0.00273;0.00303;0.00294;0.00423
Sri Lanka;;0.0883;0.08934;0.09251;0.09056;0.10712;0.09586;0.09848;0.10326;0.09914;0.09549;0.10563;0.10529;0.10714;0.11889;0.13631;0.14655;0.14603;0.16136;0.16774;0.17986;0.18938;0.18645;0.1887;0.2006;0.19924;0.21949;0.21647;0.22234;0.22214;0.21995
Taiwan;;1.11685;1.07033;1.0703;1.22045;1.41214;1.45643;1.55603;1.66344;1.79761;1.91653;2.02744;2.08164;2.1936;2.12022;2.57914;2.83434;3.03307;3.1756;3.3658;3.5464;3.80833;3.85665;4.09013;4.26009;4.39932;4.43457;4.56598;4.61145;4.55609;4.49127
Thailand;;0.50786;0.54449;0.53202;0.56767;0.6305;0.70186;0.7224;0.79284;0.90767;1.07364;1.25451;1.37084;1.46711;1.5766;1.86981;2.11983;2.45939;2.59744;2.44145;2.51513;2.58286;2.70278;2.94558;3.22665;3.462;3.67446;3.72669;3.87033;3.97486;3.99701
Timor-Leste (East Timor);;--;--;--;--;--;--;--;--;--;--;--;--;--;--;--;--;--;--;--;--;--;--;--;0.0023;0.0025;0.00249;0.00254;0.00462;0.00479;0.00486
Tonga;;0.00043;0.00064;0.00059;0.00064;0.00064;0.00066;0.00066;0.00097;0.00115;0.00125;0.00125;0.00142;0.00141;0.00141;0.00165;0.00165;0.00183;0.00188;0.00183;0.00183;0.00187;0.00178;0.00159;0.00159;0.00171;0.00208;0.00246;0.00252;0.00253;0.00212
U.S. Pacific Islands;;0.00219;0.00218;0.00218;0.00218;0.00206;0.00202;0.00217;0.00217;0.00286;0.00425;0.00438;0.00438;0.00441;0.00423;0.00434;0.00447;0.00454;0.00446;0.00446;0.00441;0.0044;0.00442;0.00434;0.00434;0.00431;0.00432;0.00442;0.0045;0.00507;0.00441
Vanuatu;;0.00172;0.0015;0.00151;0.00147;0.00154;0.00167;0.00167;0.0016;0.00189;0.00168;0.00177;0.00139;0.00092;0.00087;0.00092;0.00092;0.00092;0.00092;0.00092;0.00092;0.00118;0.00118;0.00127;0.00127;0.00131;0.0014;0.00136;0.00158;0.00143;0.00212
Vietnam;;0.17136;0.16951;0.18354;0.18621;0.19248;0.21448;0.1915;0.22003;0.20047;0.24265;0.26463;0.28084;0.29175;0.33307;0.367;0.47714;0.56711;0.58366;0.61132;0.68331;0.73608;0.81314;0.90187;0.97817;1.12659;1.19901;1.29719;1.38946;1.62512;1.69911
Wake Island;;0.01857;0.01852;0.01852;0.01852;0.01874;0.01838;0.01843;0.01843;0.01824;0.01829;0.01784;0.01784;0.01806;0.01625;0.01823;0.01841;0.01845;0.01861;0.01861;0.01861;0.0187;0.01875;0.01907;0.01907;0.01896;0.01888;0.01937;0.01986;0.01888;0.01904
World;;283.04867;280.9289;280.52182;284.34042;299.68878;308.05358;315.71748;325.53276;338.03568;343.81078;346.92967;347.9047;347.79234;343.49701;356.71762;364.38851;372.65008;378.79176;379.6651;386.73769;394.99278;397.87355;408.44657;423.38869;446.29168;458.69187;468.28024;478.45113;490.84146;482.97203
