Table: Total Renewable Electricity Net Generation (Billion Kilowatthours);;;;;;;;;;;;;;;;;;;;;;;;;;;;;;;
;;;;;;;;;;;;;;;;;;;;;;;;;;;;;;;
;;1980;1981;1982;1983;1984;1985;1986;1987;1988;1989;1990;1991;1992;1993;1994;1995;1996;1997;1998;1999;2000;2001;2002;2003;2004;2005;2006;2007;2008;2009
;;;;;;;;;;;;;;;;;;;;;;;;;;;;;;;
North America;;554.52133;560.11265;598.7188;628.96424;643.32456;625.03803;638.14813;603.08562;569.54608;649.18942;686.62754;699.81245;681.49125;718.95879;699.70669;762.28479;822.4641;823.8661;771.10088;792.4868;764.34044;674.10203;745.30691;740.82653;746.10069;777.86962;799.95072;779.41981;821.68797;836.68664
Bermuda;;0;0;0;0;0;0;0;0;0;0;0;0;0;0;0;0;0;0;0;0;0;0;0;0;0;0;0;0;0;0
Canada;;252.233;264.94;257.217;265.344;285.593;302.394;309.427;315.388;305.826;290.954;297.6619;309.0989;317.48775;325.0032;332.0029;338.03185;357.7526;353.8416;335.6314;350.185;363.035;338.535;356.085;343.514;346.754;370.1554;362.4981;377.947;380.899;371.008
Greenland;;0;0;0;0;0;0;0;0;0;0;0;0;0;0;0;0;0;0;0;0;0;0;0;0;0;0;0;0;0;0
Mexico;;17.6;25.274;23.964;21.873;24.782;27.609;23.213;22.575;25.635;29.073;28.1119;28.20125;33.4258;33.76115;27.376;35.351;38.18255;32.77639;31.474;39.319;40.03295;35.931;32.257;27.9749;33.62965;37.2425;38.7063;36.4942;48.0533;36.0266
Saint Pierre and Miquelon;;0;0;0;0;0;0;0;0;0;0;0;0;0;0;0;0;0;0;0;0;0;0;0;0;0;0;0;0;0;0
United States;;284.68833;269.89865;317.5378;341.74724;332.94955;295.03503;305.50813;265.12262;238.08508;329.16242;360.85374;362.5123;330.5777;360.19444;340.32779;388.90194;426.52895;437.24811;403.99548;402.9828;361.27249;299.63603;356.96491;369.33763;365.71704;370.47172;398.74632;364.97861;392.73567;429.65204
South America;;206.0008;208.6957;228.0789;247.046;270.6359;291.6463;315.3645;329.3148;342.5006;350.8871;369.48921;390.13656;398.55772;428.28053;454.00064;469.84332;491.59933;516.84423;525.80314;529.63401;559.67498;525.33375;552.27122;577.4231;602.75632;636.19891;666.80519;692.0665;698.21238;720.94492
Antarctica;;0;0;0;0;0;0;0;0;0;0;0;0;0;0;0;0;0;0;0;0;0;0;0;0;0;0.002;0.002;0.002;0.002;0.004
Antigua and Barbuda;;0;0;0;0;0;0;0;0;0;0;0;0;0;0;0;0;0;0;0;0;0;0;0;0;0;0;0;0;0;0
Argentina;;17.413;16.482;18.887;18.507;20.556;20.54;20.899;21.723;14.983;12.935;17.797;16.153;19.286;23.728;27.197;26.674;23.023;28.169;26.642;21.721;29.149;37.29;36.391;34.539;31.30407;34.93508;38.93809;31.6671;31.495;35.1311
Aruba;;--;--;--;--;--;--;0;0;0;0;0;0;0;0;0;0;0;0;0;0;0;0;0;0;0;0;0;0;0;0.03
Bahamas, The;;0;0;0;0;0;0;0;0;0;0;0;0;0;0;0;0;0;0;0;0;0;0;0;0;0;0;0;0;0;0
Barbados;;0;0;0;0;0;0;0;0;0;0;0;0;0;0;0;0;0;0;0;0;0;0;0;0;0;0;0;0;0;0
Belize;;0.04;0.04;0.04;0.04;0.04;0.04;0.04;0.04;0.04;0.04;0.04;0.04;0.04;0.04;0.04;0.08;0.1;0.108;0.1052;0.1152;0.13323;0.1316;0.12847;0.10138;0.10345;0.10881;0.21796;0.21763;0.24468;0.23823
Bolivia;;1.115;1.166;1.215;1.198;1.215;1.183;1.165;1.164;1.296;1.285;1.27;1.411;1.377;1.401;1.377;1.31;1.485;1.607;1.548;1.825;2.003;2.158;2.231;2.017;2.178;1.994;2.19728;2.35611;2.347;2.333
Brazil;;130.3588;131.4337;142.0099;153.061;167.9659;179.6363;183.9005;187.3778;200.5286;205.9651;208.2045;219.4125;225.6196;237.0745;245.3985;256.6043;269.3925;282.9558;295.58941;297.8906;308.582;272.9973;293.1406;314.2062;330.0047;348.3271;360.1408;387.7675;385.2268;410.2582
Cayman Islands;;0;0;0;0;0;0;0;0;0;0;0;0;0;0;0;0;0;0;0;0;0;0;0;0;0;0;0;0;0;0
Chile;;7.443;7.693;8.589;9.131;9.523;10.543;11.572;12.283;11.665;9.812;12.175;13.348;17.19;17.77;17.532;20.5004;19.7808;19.6175;16.6263;14.4984;20.4944;22.7028;23.7438;22.8405;23.6954;27.9251;30.2041;25.4687;26.916;29.178
Colombia;;14.533;14.549;18.32;18.303;20.508;21.805;25.411;21.581;24.82;26.902;27.474;27.422;22.499;27.996;32.269;32.224;35.631;31.87;31.034;33.893;32.276;32.003;34.145;36.332;40.218;39.9793;42.9298;44.6037;46.5508;41.2651
Costa Rica;;2.098;2.261;2.362;2.805;2.979;2.749;2.866;2.974;3.02;3.287;3.348;3.629;3.552;3.92;4.232;3.979;4.284;5.364;4.868;5.948;6.726;6.7187;7.228;7.227;7.876;7.8462;8.0209;8.182;8.6535;8.689
Cuba;;0.996;0.959;1.043;1.062;1.069;1.053;1.158;1.144;1.272;1.281;1.203;1.304;1.38;0.921;0.899;0.733;0.974;0.959;0.836;0.9421;0.9891;0.9651;0.9961;0.8081;0.83782;0.4681;0.4836;0.51529;0.687;0.6594
Dominica;;0.009;0.01;0.009;0.015;0.016;0.014;0.013;0.014;0.016;0.016;0.016;0.016;0.016;0.016;0.017;0.019;0.019;0.02;0.027;0.032;0.032;0.027;0.03;0.029;0.034;0.027;0.027;0.021;0.02;0.0205
Dominican Republic;;0.646;0.883;0.831;0.863;0.639;1.074;0.94;0.99;0.87;0.623;0.416;0.577;0.554;1.151;0.571;0.637;0.892;0.704;0.756;1.123;0.79;0.732;0.908;1.236;1.667;1.9355;1.7775;1.7371;1.4115;1.492
Ecuador;;0.878;0.783;0.89;1.712;3.163;3.761;4.27;4.486;4.741;4.867;4.937;5.025;4.924;5.752;6.499;5.109;6.281;6.469;6.441;7.105;7.533;7;7.45;7.10862;7.33758;6.85204;7.57394;9.66904;11.58114;9.47304
El Salvador;;1.543;1.541;1.662;1.478;1.712;1.595;1.612;1.563;1.728;1.867;1.831;1.245;1.361;1.522;1.567;1.872;2.283;1.889;1.991;2.33;1.922;2.078;2.086;2.457;2.382;2.717;3.152;3.152;3.598;3.07
Falkland Islands (Islas Malvinas);;0;0;0;0;0;0;0;0;0;0;0;0;0;0;0;0;0;0;0;0;0.0002;0.0002;0.0002;0.00025;0.00025;0.00025;0.0003;0.0003;0.002;0.002
French Guiana;;0;0;0;0;0;0;0;0;0;0;0;0;0;0;0;0;0;0;0;0;0;0;0;0;0;0;0;0;0.01;0.01
Grenada;;0;0;0;0;0;0;0;0;0;0;0;0;0;0;0;0;0;0;0;0;0;0;0;0;0;0;0;0;0;0
Guadeloupe;;0;0;0;0;0;0;0.03;0.03;0.03;0.03;0.03;0.03;0.03;0.0307;0.0307;0.0307;0.031;0.035;0.04;0.04;0.05;0.05;0.06;0.15;0.15;0.15;0.15;0.15;0.15;0.15
Guatemala;;0.567;0.394;0.54;0.855;0.657;0.729;1.758;1.748;1.906;2.156;2.457;2.509;2.214;2.331;2.47;2.174;2.582;2.964;2.267;3.068;3.268;2.911;2.687;3.522;4.773;5.1952;4.9038;4.321;4.87;3.559
Guyana;;0.005;0.005;0.005;0.005;0.005;0.005;0.005;0.005;0.005;0.005;0.005;0.005;0.005;0.005;0.005;0.005;0.005;0.005;0.006;0.006;0;0;0;0;0;0;0;0;0;0
Haiti;;0.229;0.234;0.258;0.268;0.278;0.307;0.334;0.332;0.332;0.332;0.368;0.345;0.318;0.271;0.231;0.25;0.269;0.198;0.303;0.265;0.28;0.28;0.257;0.252;0.257;0.262;0.268;0.152;0.179;0.205
Honduras;;0.772;0.821;0.846;0.831;0.865;0.866;1.272;1.131;1.739;1.825;2.066;2.098;2.17;2.241;1.8;1.656;2.019;2.064;1.904;2.11;2.238;1.894;1.609;1.758;1.4392;1.8378;2.1839;2.3516;2.4551;2.9286
Jamaica;;0.172;0.171;0.187;0.204;0.134;0.124;0.163;0.186;0.184;0.214;0.202;0.164;0.195;0.209;0.234;0.212;0.222;0.233;0.21;0.212;0.212;0.139;0.122;0.175;0.197;0.2315;0.2512;0.2424;0.2296;0.1955
Martinique;;0;0;0;0;0;0;0;0;0;0;0;0;0;0;0;0;0;0;0;0;0;0;0;0;0;0.002;0.002;0.002;0.002;0.002
Montserrat;;0;0;0;0;0;0;0;0;0;0;0;0;0;0;0;0;0;0;0;0;0;0;0;0;0;0;0;0;0;0
Netherlands Antilles;;0;0;0;0;0;0;0;0;0;0;0;0;0;0.001;0.007;0.007;0.007;0.007;0.007;0.007;0.03;0.03;0.03;0.03;0.03;0.03;0.03;0.03;0.03;0.06
Nicaragua;;0.54;0.523;0.455;0.349;0.533;0.561;0.465;0.598;0.591;0.938;0.799;0.764;0.694;0.858;0.709;0.683;0.681;0.607;0.439;0.512;0.361;0.419;0.586;0.664;0.678;0.869;0.775;0.753;1.01947;0.874
Panama;;0.995;1.464;1.224;0.998;1.62;2.006;2.179;2.107;2.305;2.226;2.238;2.084;1.912;2.295;2.393;2.408;2.99;2.894;2.141;3.122;3.407;2.496;3.384;2.815;3.764;3.7088;3.563;3.648;3.9511;3.876
Paraguay;;0.717;0.754;0.675;0.791;0.903;4.065;11.908;18.499;19.899;24.229;27.204;29.368;27.157;31.127;36.048;41.702;44.858;50.343;50.362;51.444;52.957;44.864;47.73;51.253;51.412;50.654;53.246;53.188;54.909;54.409
Peru;;7.115;8.092;8.586;8.29;8.747;9.594;10.248;10.978;10.487;10.452;10.497;11.499;9.812;11.781;12.741;12.834;13.321;13.217;13.786;14.522;16.15705;17.59305;18.04405;18.54405;17.50305;18.24195;19.86335;19.78255;19.43025;20.64125
Puerto Rico;;0.204;0.124;0.104;0.11;0.135;0.183;0.223;0.257;0.272;0.272;0.13671;0.11906;0.13512;0.12033;0.06744;0.08692;0.13503;0.10193;0.10323;0.15871;0.152;0.133;0.114;0.103;0.141;0.13828;0.142;0.164;0.156;0.174
Saint Kitts and Nevis;;0;0;0;0;0;0;0;0;0;0;0;0;0;0;0;0;0;0;0;0;0;0;0;0;0;0;0;0;0;0
Saint Lucia;;0;0;0;0;0;0;0;0;0;0;0;0;0;0;0;0;0;0;0;0;0;0;0;0;0;0;0;0;0;0
Saint Vincent/Grenadines;;0.017;0.017;0.018;0.018;0.022;0.026;0.028;0.031;0.035;0.036;0.024;0.013;0.02;0.023;0.021;0.021;0.021;0.021;0.022;0.022;0.025;0.019;0.022;0.021;0.027;0.026;0.02296;0.02249;0.02344;0.023
Suriname;;0.883;0.825;1.051;0.714;0.846;0.962;0.756;0.323;0.485;1.087;1.171;1.393;1.437;1.45;1.463;1.279;1.281;1.289;1.294;1.311;0.71;0.725;0.741;0.752;0.764;0.821;0.862;0.862;0.875;0.9
Trinidad and Tobago;;0.025;0.018;0.017;0.015;0.012;0.016;0.025;0.029;0.026;0.025;0.029;0.024;0.029;0.027;0.03;0.031;0.016;0.017;0.017;0.017;0.019;0.028;0.025;0.011;0.0218;0.0209;0.0247;0.018;0.019;0.018
Turks and Caicos Islands;;0;0;0;0;0;0;0;0;0;0;0;0;0;0;0;0;0;0;0;0;0;0;0;0;0;0;0;0;0;0
Uruguay;;2.249;2.52;2.421;7.115;7.033;6.384;7.217;7.186;5.364;3.861;6.938;6.051;7.842;7.225;7.391;5.796;5.71;6.421;9.062;5.445;6.981;9.104;9.442;8.446;4.733;6.618;3.56;7.988;4.463;5.237
Venezuela;;14.438;14.933;15.834;18.308;19.46;21.825;24.907;30.535;33.861;34.319;36.613;44.088;46.789;46.994;50.761;50.926;53.306;56.695;57.376;59.949;62.198;59.845;58.94;60.025;69.228;74.275;81.292;83.032;86.705;85.839
Virgin Islands,  U.S.;;0;0;0;0;0;0;0;0;0;0;0;0;0;0;0;0;0;0;0;0;0;0;0;0;0;0;0;0;0;0
Virgin Islands, British;;0;0;0;0;0;0;0;0;0;0;0;0;0;0;0;0;0;0;0;0;0;0;0;0;0;0;0;0;0;0
Europe;;471.876;477.686;473.439;486.566;495.141;490.966;474.915;508.657;552.431;484.1378;494.4953;496.86565;534.78695;554.84247;562.76876;579.09442;567.78373;590.27102;617.0591;628.56652;659.04449;668.38815;640.68474;619.26832;680.706;699.84802;715.77281;754.02897;804.98229;834.53059
Albania;;2.919;3.018;3.093;3.167;3.241;3.315;3.365;3.979;3.713;3.846;2.82;3.483;3.187;3.281;3.733;4.162;5.669;4.978;4.872;5.231;4.548;3.519;3.477;5.117;5.411;5.319;4.951;2.76;3.759;5.179
Austria;;28.809;30.323;30.398;30.104;29.145;31.17;31.42;26.257;36.146;35.691;32.291;32.304;35.787;37.67;36.534;38.508;35.593;37.503;38.656;41.9739;43.1748;41.6997;41.40535;34.78815;39.088;40.1202;40.4017;42.7954;44.2276;47.3115
Belgium;;0.559;0.653;0.574;0.539;0.567;0.58;0.792;0.936;0.926;0.916;0.958;1.001;1.172;1.09;1.18955;1.334;1.242;1.16355;1.34911;1.491;1.739;1.976;1.989;1.8706;2.3;2.6691;3.6543;4.316;5.224;6.428
Bosnia and Herzegovina;;--;--;--;--;--;--;--;--;--;--;--;--;3.374;2.343;3.424;3.607;5.104;4.608;4.511;5.477;5.043;5.129;5.215;4.456;5.919;5.938;5.798;3.961;4.506;6.177
Bulgaria;;3.674;3.58;3.018;3.318;3.226;2.214;2.302;2.512;2.569;2.662;1.859;2.417;2.042;1.923;1.453;2.291;2.89;2.726;3.068;2.753;2.66;1.73;2.182;3.005;3.155;4.3148;4.2216;2.8954;2.9271;3.7456
Croatia;;--;--;--;--;--;--;--;--;--;--;--;--;4.304;4.32;4.887;5.217;7.166;5.236;5.408;6.526;5.795;6.483;5.311;4.827;6.894;6.2925;5.9685;4.2349;5.2219;6.7387
Cyprus;;0;0;0;0;0;0;0;0;0;0;0;0;0;0;0;0;0;0;0;0;0;0;0;0;0;0.001;0.001;0.003;0.013;0.014
Czech Republic;;--;--;--;--;--;--;--;--;--;--;--;--;--;1.62785;1.83385;2.38485;2.318;2.18401;1.95;2.454;2.4274;2.71;3.1239;1.8448;2.6925;3.077;3.4533;3.3306;3.6353;4.5232
Denmark;;0.03;0.031;0.028;0.06;0.067;0.087;0.165;0.212;0.334;0.471;0.827;1.067;1.39325;1.6993;1.873;2.018;2.305;3.146;4.10573;4.62;5.82;6.12;7.046;8.306;9.663;10.0982;9.5275;10.5424;10.4104;10.2277
Faroe Islands;;0.049;0.049;0.049;0.049;0.049;0.049;0.049;0.049;0.062;0.071;0.074;0.074;0.083;0.07342;0.07561;0.07557;0.07014;0.07562;0.07705;0.07001;0.07579;0.0757;0.09609;0.08782;0.10095;0.10832;0.11491;0.11917;0.10789;0.10649
Finland;;10.115;13.518;12.958;13.445;13.115;12.211;12.266;13.658;13.229;12.9;10.75;13.066;19.66;19.0058;17.81865;19.08545;17.58945;19.90873;24.13;20.96055;23.026;21.395;20.355;19.24835;25.133;22.9911;21.89;23.8144;27.2728;21.3252
Former Czechoslovakia;;4.8;4.2;3.7;3.9;3.2;4.3;4;4.853;4.355;4.229;3.919;3.119;3.602;--;--;--;--;--;--;--;--;--;--;--;--;--;--;--;--;--
Former Serbia and Montenegro;;--;--;--;--;--;--;--;--;--;--;--;--;11.23;10.395;11.016;12.071;14.266;12.636;12.763;13.243;11.88;12.326;11.633;9.752;11.01;11.912;--;--;--;--
Former Yugoslavia;;27.868;25.044;23.295;21.623;25.645;24.363;27.474;25.98;25.612;23.256;19.601;18.929;--;--;--;--;--;--;--;--;--;--;--;--;--;--;--;--;--;--
France;;69.375;71.586;70.244;68.771;65.465;61.57;62.356;70.041;75.34;47.783;54.911;58.57695;70.65695;66.512;80.449;74.853;67.237;66.2842;64.6269;75.421;70.4669;78.6392;65.116;64.0863;65.1186;57.43;62.8907;67.1842;74.6556;70.483
Germany;;--;--;--;--;--;--;--;--;--;--;--;20.2759;23.39785;24.1907;27.6016;30.2835;31.234;27.96443;30.623;32.629;38.39;44.283;50.344;51.14;60.8615;62.2302;71.2842;88.9634;91.2524;95.2281
Germany, East;;1.658;1.718;1.748;1.683;1.748;1.758;1.767;1.726;1.719;1.551;1.389;--;--;--;--;--;--;--;--;--;--;--;--;--;--;--;--;--;--;--
Germany, West;;22.29;22.629;22.419;20.759;20.75;19.673;20.717;22.158;22.433;21.079;20.553;--;--;--;--;--;--;--;--;--;--;--;--;--;--;--;--;--;--;--
Gibraltar;;0;0;0;0;0;0;0;0;0;0;0;0;0;0;0;0;0;0;0;0;0;0;0;0;0;0;0;0;0;0
Greece;;3.396;3.398;3.551;2.331;2.852;2.792;3.222;2.77;2.359;1.889;1.753;3.07;2.3186;2.39165;2.67915;3.6253;4.4501;3.98438;3.8985;4.886;4.239;2.967;3.612;5.92195;5.941;6.381;7.5531;4.4916;5.6131;7.9657
Hungary;;0.111;0.166;0.158;0.153;0.179;0.153;0.152;0.167;0.167;0.156;0.208;0.238;0.242;0.237;0.245;0.258;0.291;0.30284;0.25845;0.292;0.29;0.304;0.262;0.3568;0.922;1.853;1.5511;1.9361;2.3562;2.8643
Iceland;;3.103;3.217;3.575;3.77;3.921;3.848;4.058;4.152;4.414;4.474;4.447;4.43085;4.4855;4.664;4.717;4.9105;5.0527;5.51118;6.18725;7.0662;7.54885;7.89;8.268;8.353;8.47385;8.5281;9.7214;11.712;16.1401;16.4813
Ireland;;0.833;0.855;0.792;0.776;0.68;0.824;0.91;0.673;0.862;0.684;0.69;0.738;0.81375;0.78425;0.94205;0.7362;0.7543;0.79572;1.14855;1.102;1.16;0.999;1.35;1.1053;1.34985;1.8049;2.3805;2.6455;3.4015;3.8737
Italy;;48.79;46.109;44.587;44.193;45.227;43.668;44.142;42.765;43.998;36.8098;34.5586;45.0285;45.54695;45.0418;48.0328;41.40875;46.13735;46.45682;46.9063;51.849;51.34375;54.99965;48.975;44.89705;55.1197;49.9242;52.1125;49.2231;59.4032;70.065
Luxembourg;;0.115;0.128;0.117;0.115;0.123;0.104;0.116;0.143;0.141;0.108;0.102;0.119;0.099;0.104;0.156;0.137;0.099;0.12885;0.167;0.149;0.198;0.19895;0.18095;0.166;0.22125;0.2304;0.2705;0.2945;0.3119;0.2969
Macedonia;;--;--;--;--;--;--;--;--;--;--;--;--;0.817;0.517;0.696;0.793;0.842;0.891;1.072;1.375;1.158;0.62;0.749;1.36;1.467;1.477;1.634;1;0.832;1.257
Malta;;0;0;0;0;0;0;0;0;0;0;0;0;0;0;0;0;0;0;0;0;0;0;0;0;0;0;0;0;0;0.001
Montenegro;;--;--;--;--;--;--;--;--;--;--;--;--;--;--;--;--;--;--;--;--;--;--;--;--;--;--;1.745;1.64;1.53;2.041
Netherlands;;1;1;0.3;0.2;0.02;0.403;0.504;0.703;0.818;0.96;1.167;1.247;1.35995;1.56095;1.72595;2.18915;2.79615;3.14433;3.423;3.707;4.237;4.512;5.224;5.252;6.499;8.5829;9.1347;8.8054;10.5841;11.8907
Norway;;82.717;91.876;91.507;104.704;104.895;101.473;95.37;102.381;107.97;117.423;120.225;109.297;115.79185;118.34885;110.74955;120.4895;102.93364;109.246;114.59345;120.614;137.8555;117.531;128.53525;105.214;108.487;135.2091;119.2514;133.6661;138.9927;126.1174
Poland;;2.715;2.487;1.904;2.108;1.864;2.342;2.033;1.952;2.054;1.815;1.647;1.826;1.893;1.82;2.052;2.21195;2.294;2.5109;2.8528;2.6148;2.614;3.043;3.16;2.476;3.3169;3.9673;4.3852;5.4739;6.5552;8.565
Portugal;;8.177;5.229;7.155;8.282;9.964;11.033;8.94;9.588;12.657;6.349;9.7257;9.72665;5.4465;9.3242;11.48645;9.25505;15.5929;14.04445;13.96495;8.5828;12.92195;15.75795;9.806;17.712;12.3473;8.3263;15.6667;16.0823;14.4535;17.991
Romania;;12.506;12.605;11.731;9.934;11.208;11.774;10.689;11.086;13.481;12.499;10.872;14.107;11.637;12.706;12.916;16.529;15.597;17.344;18.7;18.107;14.63;14.774;15.889;13.129;16.352;20.012;18.1758;15.8421;17.0505;15.587
Serbia;;--;--;--;--;--;--;--;--;--;--;--;--;--;--;--;--;--;--;--;--;--;--;--;--;--;--;10.855;9.937;9.468;10.139
Slovakia;;--;--;--;--;--;--;--;--;--;--;--;--;--;3.432;4.311;4.831;4.185;4.053;4.235;4.458;4.599;5.049;5.384;3.5731;4.117;4.6699;4.81;4.9351;4.5519;4.8919
Slovenia;;--;--;--;--;--;--;--;--;--;--;--;--;3.379;2.974;3.348;3.187;3.616;3.046;3.4;3.713;3.838;3.809;3.362;3.038;4.153;3.521;3.6472;3.3271;4.2374;4.828
Spain;;29.504;22.043;26.453;27.228;31.611;31.475;26.616;27.551;35.399;19.666;25.838;27.6899;19.4664;24.9318;28.85875;24.40975;41.2012;37.13125;37.02125;27.5958;35.7771;48.9268;34.3204;55.49115;49.727;40.8491;51.0762;57.1332;60.8461;71.708
Sweden;;58.873;59.912;55.358;64.207;68.906;71.849;62.072;72.878;71.023;73.112;73.577;64.343;75.566;76.076;60.734;69.81905;53.4424;71.255;77.447;74.053;82.359;82.5489;70.4925;58.2459;67.9309;80.9052;70.9327;76.9815;80.9418;79.1477
Switzerland;;32.681;35.53;36.374;35.469;30.271;32.031;32.976;34.828;35.937;29.977;30.297;32.55695;33.2749;36.3198;39.68275;35.8227;29.5656;35.01207;34.5466;41.11555;38.1793;42.6104;36.6803;36.292;35.3327;32.9397;32.8851;37.1388;38.0264;37.7355
Turkey;;11.288;12.413;13.81;11.13;13.209;11.826;11.674;18.364;28.509;17.666;22.993;22.56895;26.4135;33.7381;30.40305;35.4787;40.3168;39.77569;42.12221;34.55695;30.8822;24.135;33.657;35.23;45.865;39.4259;44.157;36.1825;34.0996;37.728
United Kingdom;;3.921;4.369;4.543;4.548;3.993;4.081;4.768;6.295;6.204;6.095;6.443;5.566;6.347;5.74;7.145;7.11245;5.933;7.224;8.975;9.87995;10.16795;11.6269;13.484;12.92605;15.737;18.7396;19.671;20.6613;22.3741;25.868
Eurasia;;184.025;184.993;175.46;180.186;203.155;205.046;213.477;217.466;228.512;221.024;230.697;232.679;231.881;241.859;247.097;237.091;213.947;215.499;223.076;226.385;228.4701;238.1606;226.90995;224.7016;249.2939;248.33619;248.5614;247.49108;238.42743;235.0586
Armenia;;--;--;--;--;--;--;--;--;--;--;--;--;3.013;4.249;3.479;1.9;1.556;1.376;1.522;1.188;1.248;0.958;1.641;1.962;1.978;1.755;1.808;1.83678;1.78093;2.0028
Azerbaijan;;--;--;--;--;--;--;--;--;--;--;--;--;1.73;2.376;1.811;1.54;1.523;1.695;1.931;1.491;1.519;1.288;2;2.444;2.727;2.979;2.493;2.34;2.21;2.285
Belarus;;--;--;--;--;--;--;--;--;--;--;--;--;0.017;0.019;0.019;0.02;0.016;0.021;0.028;0.019;0.027;0.03;0.028;0.028;0.034;0.064;0.124;0.12;0.116;0.175
Estonia;;--;--;--;--;--;--;--;--;--;--;--;--;0.001;0.001;0.003;0.008;0.007;0.011;0.016;0.016;0.018;0.018;0.029;0.048;0.059;0.1063;0.1242;0.1387;0.1885;0.52
Former U.S.S.R.;;184.025;184.993;175.46;180.186;203.155;205.046;213.477;217.466;228.512;221.024;230.697;232.679;--;--;--;--;--;--;--;--;--;--;--;--;--;--;--;--;--;--
Georgia;;--;--;--;--;--;--;--;--;--;--;--;--;6.439;6.536;6.704;5.151;5.94;5.987;6.308;6.378;5.801;5.487;6.699;6.461;5.989;6.174;5.262;6.75;7.09;7.338
Kazakhstan;;--;--;--;--;--;--;--;--;--;--;--;--;6.797;7.553;9.087;8.248;7.258;6.434;6.08;6.071;7.456;8;8.801;8.539;7.976;7.777;7.691;8.09;7.386;6.811
Kyrgyzstan;;--;--;--;--;--;--;--;--;--;--;--;--;9.195;8.994;11.607;11.007;12.132;10.825;9.844;12.021;13.546;12.306;10.679;13.381;13.953;14.116;14.738;13.809;10.633;9.811
Latvia;;--;--;--;--;--;--;--;--;--;--;--;--;2.498;2.846;3.272;2.908;1.842;2.923;2.992;2.731;2.795;2.811;2.458;2.312;3.1606;3.3766;2.7546;2.7962;3.1738;3.5191
Lithuania;;--;--;--;--;--;--;--;--;--;--;--;--;0.308;0.389;0.447;0.369;0.323;0.291;0.413;0.409;0.336;0.324;0.354;0.33;0.424;0.45509;0.4291;0.568;0.5879;0.6669
Moldova;;--;--;--;--;--;--;--;--;--;--;--;--;0.255;0.371;0.275;0.321;0.362;0.378;0.083;0.09;0.057;0.072;0.12;0.063;0.058;0.062;0.076;0.033;0.081;0.054
Russia;;--;--;--;--;--;--;--;--;--;--;--;--;171.912;173.36;174.784;175.186;153.3;156.501;158.384;160.887;164.9041;174.9736;163.40995;156.2386;176.1703;173.8522;174.6665;177.6424;165.9783;165.2268
Tajikistan;;--;--;--;--;--;--;--;--;--;--;--;--;15.769;16.947;16.524;14.45;14.677;13.576;14.008;15.273;13.774;14.064;15.012;16.173;16.176;16.797;16.534;16.943;16.642;15.642
Turkmenistan;;--;--;--;--;--;--;--;--;--;--;--;--;0.004;0.005;0.004;0.004;0.005;0.005;0.006;0.005;0.005;0.003;0.003;0.003;0.003;0.003;0.003;0.003;0.003;0.003
Ukraine;;--;--;--;--;--;--;--;--;--;--;--;--;7.725;10.929;11.997;9.853;8.546;9.757;15.761;14.18;11.167;11.927;9.552;9.175;11.666;12.275;12.79;10.085;11.311;11.767
Uzbekistan;;--;--;--;--;--;--;--;--;--;--;--;--;6.218;7.284;7.084;6.126;6.46;5.719;5.7;5.626;5.817;5.899;6.124;7.544;8.92;8.544;9.068;6.336;11.246;9.237
Middle East;;9.619;10.318;10.556;10.06;10.743;10.762;10.118;10.404;10.508;10.486;9.646;10.458;13.332;13.655;11.305;11.005;11.252;10.943;11.039;8.577;7.947;9.41;12.743;15.633;16.429;20.9544;23.3819;22.599;9.0105;10.5743
Bahrain;;0;0;0;0;0;0;0;0;0;0;0;0;0;0;0;0;0;0;0;0;0;0;0;0;0;0;0;0;0.001;0.002
Iran;;5.561;6.164;6.38;6.138;6.268;6.27;6.136;6.336;6.386;6.633;6.022;6.985;9.435;9.725;7.371;7.202;7.326;6.857;6.961;4.906;3.625;5.026;8.004;10.987;10.528;15.946;18.183;17.947;5.146;7.369
Iraq;;0.683;0.683;0.604;0.594;0.604;0.604;0.594;0.604;0.703;0.594;0.604;0.307;0.693;0.594;0.554;0.564;0.564;0.575;0.587;0.599;0.605;0.612;0.512;0.429;0.488;0.459;0.481;0.501;0.555;0.51
Israel;;0;0;0;0;0;0;0;0.01;0.01;0.003;0.003;0.006;0.029;0.03;0.03;0.025;0.024;0.025;0.025;0.033;0.031;0.02;0.031;0.042;0.038;0.0384;0.0169;0.015;0.0245;0.0933
Jordan;;0;0;0;0;0;0;0.003;0.019;0.027;0.017;0.019;0.008;0.016;0.023;0.015;0.019;0.023;0.02;0.016;0.017;0.042;0.046;0.06;0.05;0.061;0.064;0.059;0.072;0.072;0.068
Kuwait;;0;0;0;0;0;0;0;0;0;0;0;0;0;0;0;0;0;0;0;0;0;0;0;0;0;0;0;0;0;0
Lebanon;;0.841;0.841;0.643;0.554;0.579;0.579;0.554;0.604;0.594;0.495;0.297;0.495;0.545;0.713;0.809;0.71;0.79;0.892;0.777;0.329;0.445;0.33;0.671;1.349;1.109;1.036;0.688;0.579;0.369;0.616
Oman;;0;0;0;0;0;0;0;0;0;0;0;0;0;0;0;0;0;0;0;0;0;0;0;0;0;0;0;0;0;0
Palestine;;--;--;--;--;--;--;--;--;--;--;--;--;--;--;--;--;--;0;0;0;0;0;0;0;0;0;0;0;0;0
Qatar;;0;0;0;0;0;0;0;0;0;0;0;0;0;0;0;0;0;0;0;0;0;0;0;0;0;0;0;0;0;0
Saudi Arabia;;0;0;0;0;0;0;0;0;0;0;0;0;0;0;0;0;0;0;0;0;0;0;0;0;0;0;0;0;0;0
Syria;;2.534;2.63;2.929;2.774;3.292;3.309;2.831;2.831;2.788;2.744;2.701;2.657;2.614;2.57;2.526;2.485;2.525;2.574;2.673;2.693;3.199;3.376;3.465;2.776;4.205;3.411;3.954;3.485;2.843;1.906
United Arab Emirates;;0;0;0;0;0;0;0;0;0;0;0;0;0;0;0;0;0;0;0;0;0;0;0;0;0;0;0;0;0;0.01
Yemen;;0;0;0;0;0;0;0;0;0;0;0;0;0;0;0;0;0;0;0;0;0;0;0;0;0;0;0;0;0;0
Africa;;60.243;52.7617;52.0094;50.2822;45.2709;47.0486;49.8083;48.927;51.5997;52.78635;55.41668;57.21975;56.3154;55.38717;56.3171;59.7172;62.7769;64.5669;62.0759;73.3829;76.2812;83.2932;85.41025;84.27425;89.47999;92.22811;93.42382;96.22718;97.33343;101.93617
Algeria;;0.248;0.362;0.474;0.233;0.516;0.639;0.247;0.491;0.181;0.263;0.134;0.29;0.197;0.349;0.164;0.191;0.134;0.074;0.213;0.201;0.053;0.068;0.056;0.262;0.248;0.549;0.216;0.224;0.28;0.339
Angola;;0.53;0.53;0.6;0.6;0.6;0.6;0.66;0.66;0.66;0.667;0.718;0.715;0.832;0.881;0.886;0.891;0.916;0.866;1.049;0.885;0.903;1.007;1.132;1.229;1.733;2.197;2.638;2.472;3.103;3.141
Benin;;0;0;0;0;0;0;0;0;0;0;0;0;0;0;0;0;0.0017;0.0017;0.0017;0.0017;0.002;0.002;0.002;0.002;0.001;0.001;0.001;0.001;0.001;0.001
Botswana;;0;0;0;0;0;0;0;0;0;0;0;0;0;0;0;0;0;0;0;0;0;0;0;0;0;0;0;0;0;0
Burkina Faso;;0;0;0;0;0;0;0;0;0;0;0.009;0.013;0.02;0.047;0.072;0.094;0.114;0.115;0.078;0.123;0.097;0.053;0.064;0.096;0.10044;0.09947;0.07986;0.1103;0.13457;0.13097
Burundi;;0.002;0.002;0.002;0.023;0.039;0.046;0.061;0.094;0.103;0.102;0.107;0.11;0.104;0.108;0.114;0.117;0.117;0.12;0.109;0.097;0.098;0.114;0.126;0.1;0.09;0.099;0.092;0.116;0.11;0.125
Cameroon;;1.35;1.79;2.028;2.003;2.106;2.295;2.297;2.301;2.489;2.602;2.609;2.642;2.624;2.626;2.661;2.725;2.839;3.061;3.085;3.301;3.408;3.439;3.15;3.493;3.881;3.734;3.853;3.809;4.19;3.976
Cape Verde;;0;0;0;0;0;0;0;0;0;0;0;0;0;0.002;0.005;0.006;0.007;0.007;0.008;0.008;0.008;0.006;0.006;0.005;0.006;0.006;0.007;0.007;0.006;0.007
Central African Republic;;0.066;0.065;0.068;0.064;0.069;0.06;0.076;0.073;0.074;0.074;0.076;0.075;0.077;0.077;0.079;0.08;0.081;0.083;0.081;0.081;0.083;0.082;0.082;0.083;0.083;0.099;0.109;0.129;0.131;0.13
Chad;;0;0;0;0;0;0;0;0;0;0;0;0;0;0;0;0;0;0;0;0;0;0;0;0;0;0;0;0;0;0
Comoros;;0.002;0.002;0.002;0.002;0.002;0.002;0.002;0.002;0.002;0.002;0.002;0.002;0.002;0.002;0.002;0.002;0.002;0.002;0.002;0.002;0.002;0.002;0.003;0.004;0.005;0.005;0.005;0.002;0.002;0.002
Congo (Brazzaville);;0.099;0.102;0.174;0.229;0.248;0.288;0.265;0.275;0.286;0.393;0.485;0.474;0.421;0.355;0.319;0.348;0.451;0.446;0.339;0.25;0.292;0.331;0.392;0.339;0.327;0.351;0.368;0.332;0.371;0.327
Congo (Kinshasa);;4.199;4.126;4.08;4.432;4.646;4.975;5.204;5.187;5.196;5.836;5.569;5.206;5.993;5.473;5.241;6.097;6.03;4.974;4.662;5.247;5.939;5.914;6.049;6.098;7.007;7.319;7.445;7.742;7.404;7.717
Cote dIvoire (IvoryCoast);;1.345;1.726;1.731;1.067;0.369;1.344;1.179;1.216;1.227;1.25;1.309;1.242;1.038;1.087;1.162;1.766;1.764;1.86;1.363;1.736;1.746;1.782;1.712;1.814;1.731;1.423;1.495;1.779;1.879;2.096
Djibouti;;0;0;0;0;0;0;0;0;0;0;0;0;0;0;0;0;0;0;0;0;0;0;0;0;0;0;0;0;0;0
Egypt;;9.699;10.109;10.365;10.09405;9.90005;8.01905;7.9201;8.1681;7.8211;7.9201;9.8751;8.5451;8.4551;10.3821;10.6401;11.3092;11.4492;11.8772;12.1102;15.1572;13.6902;15.1892;12.9242;13.2392;13.0152;13.0422;13.3812;16.1442;15.4152;13.8342
Equatorial Guinea;;0.002;0.002;0.002;0.002;0.002;0.002;0.002;0.002;0.002;0.002;0.002;0.002;0.002;0.002;0.002;0.002;0.002;0.003;0.003;0.003;0.002;0.002;0.005;0.007;0.007;0.007;0.007;0.007;0.007;0.007
Eritrea;;--;--;--;--;--;--;--;--;--;--;--;--;--;--;0;0;0;0.001;0.001;0.001;0.001;0.001;0.001;0.001;0.001;0.001;0.002;0.002;0.002;0.002
Ethiopia;;0.473;0.502;0.574;0.623;0.683;0.747;0.821;0.886;0.956;0.994;1.088;1.097;1.127;1.251;1.34;1.414;1.495;1.55;1.588;1.608;1.635;1.973;2.003;2.257;2.496;2.805;3.226;3.351;3.2764;3.5613
Gabon;;0.257;0.408;0.482;0.541;0.604;0.66;0.665;0.668;0.669;0.693;0.698;0.7;0.708;0.703;0.739;0.783;0.762;0.801;0.804;0.823;0.795;0.869;0.914;0.891;0.884;0.804;0.936;0.793;0.885;0.877
Gambia, The;;0;0;0;0;0;0;0;0;0;0;0;0;0;0;0;0;0;0;0;0;0;0;0;0;0;0;0;0;0;0
Ghana;;5.276;5.341;4.941;2.55;1.799;2.996;4.389;4.627;4.811;5.178;5.664;6.075;6.536;6.228;6.033;6.036;6.559;6.782;3.792;5.117;6.544;6.543;4.986;3.846;5.228;5.573;5.563;3.69;6.133;6.808
Guinea;;0.148;0.148;0.148;0.153;0.155;0.161;0.163;0.165;0.168;0.17;0.173;0.176;0.178;0.18;0.182;0.191;0.195;0.285;0.307;0.391;0.406;0.546;0.589;0.396;0.549;0.489;0.456;0.533;0.523;0.505
Guinea-Bissau;;0;0;0;0;0;0;0;0;0;0;0;0;0;0;0;0;0;0;0;0;0;0;0;0;0;0;0;0;0;0
Kenya;;1.182;1.5427;1.6174;1.86015;1.84985;2.14155;2.2342;2.3209;2.7836;2.93325;3.02158;3.22165;3.2293;3.43007;3.494;3.711;3.902;3.783;3.821;2.984;1.929;3.044;3.75995;4.27995;4.12795;4.25414;4.51173;4.72716;4.24626;3.726
Lesotho;;0;0;0;0;0;0;0;0;0;0;0;0;0;0;0;0;0;0;0;0.195;0.288;0.285;0.314;0.325;0.297;0.347;0.198;0.198;0.2;0.2
Liberia;;0.331;0.314;0.328;0.32;0.223;0.259;0.315;0.316;0.321;0.311;0;0;0;0;0;0;0;0;0;0;0;0;0;0;0;0;0;0;0;0
Libya;;0;0;0;0;0;0;0;0;0;0;0;0;0;0;0;0;0;0;0;0;0;0;0;0;0;0;0;0;0;0
Madagascar;;0.146;0.152;0.226;0.245;0.252;0.255;0.266;0.286;0.3;0.314;0.338;0.332;0.342;0.344;0.347;0.369;0.421;0.45;0.5;0.515;0.54;0.528;0.535;0.604;0.634;0.641;0.631;0.712;0.692;0.7
Malawi;;0.388;0.379;0.405;0.443;0.464;0.47;0.506;0.558;0.563;0.566;0.697;0.743;0.768;0.771;0.811;0.832;0.846;0.866;0.995;0.962;1.023;1.045;1.093;1.139;1.259;1.316;1.326;1.485;1.451;1.466
Mali;;0.083;0.082;0.105;0.122;0.133;0.133;0.158;0.16;0.166;0.168;0.181;0.182;0.208;0.218;0.22;0.223;0.21;0.227;0.23;0.23;0.233;0.234;0.236;0.234;0.248;0.255;0.263;0.268;0.278;0.3
Mauritania;;0.025;0.03;0.038;0.039;0.036;0.031;0.018;0.025;0.025;0.025;0.025;0.025;0.026;0.026;0.028;0.028;0.028;0.03;0.028;0.03;0.032;0.034;0.034;0.041;0.044;0.049;0.051;0.054;0.06;0.11
Mauritius;;0.082;0.059;0.093;0.035;0.065;0.114;0.109;0.139;0.099;0.147;0.084;0.074;0.112;0.103;0.075;0.134;0.102;0.092;0.104;0.31;0.505;0.52;0.515;0.547;0.5714;0.5434;0.49627;0.52342;0.5674;0.582
Morocco;;1.487;1.031;0.576;0.476;0.362;0.465;0.625;0.825;0.926;1.145;1.184;1.234;0.954;0.439;0.831;0.605;1.937;2.062;1.759;0.817;0.772;1.058;1.0261;1.6341;1.7811;1.1648;1.156;1.1672;1.1992;2.9396
Mozambique;;13.409;3.315;2.959;5.01;0.552;0.149;0.038;0.024;0.049;0.05;0.281;0.32;0.322;0.341;0.362;0.375;0.445;0.967;1.487;7.606;9.555;11.723;12.547;10.761;11.551;13.131;14.57;15.902;14.963;16.781
Namibia;;--;--;--;--;--;--;--;--;--;--;0;0;0;0;0;1.12;0.845;0.604;0.982;1.157;1.366;1.356;1.446;1.497;1.586;1.641;1.59;1.56;1.476;1.395
Niger;;0;0;0;0;0;0;0;0;0;0;0;0;0;0;0;0;0;0;0;0;0;0;0;0;0;0;0;0;0;0
Nigeria;;2.724;2.291;2.394;1.856;2.569;2.978;3.594;3.251;3.968;4.099;4.343;5.871;5.998;5.516;5.506;5.445;5.445;5.537;5.717;6.088;5.686;5.85;8.152;7.374;8.027;7.69;6.2;6.165;5.664;4.484
Reunion;;0.302;0.37;0.422;0.428;0.404;0.483;0.497;0.524;0.418;0.492;0.544;0.456;0.49;0.493;0.493;0.497;0.6;0.639;0.751;0.753;0.754;0.756;0.769;0.772;0.779;0.784;0.785;0.866;0.973;0.965
Rwanda;;0.111;0.103;0.133;0.151;0.161;0.162;0.149;0.164;0.167;0.171;0.165;0.163;0.17;0.153;0.156;0.158;0.14;0.16;0.16;0.127;0.11;0.088;0.097;0.116;0.083;0.059;0.041;0.0332;0.0702;0.1302
Saint Helena;;0;0;0;0;0;0;0;0;0;0;0;0;0;0;0;0;0;0;0;0;0;0;0;0;0;0;0;0;0;0
Sao Tome and Principe;;0.007;0.007;0.008;0.006;0.008;0.008;0.007;0.008;0.008;0.008;0.008;0.008;0.008;0.008;0.008;0.008;0.008;0.008;0.007;0.009;0.01;0.004;0.006;0.007;0.006;0.004;0.008;0.01;0.012;0.012
Senegal;;0;0;0;0;0;0;0;0;0;0;0;0;0;0;0;0;0;0;0;0;0.002;0.002;0.194;0.336;0.293;0.268;0.236;0.183;0.2289;0.24
Seychelles;;0;0;0;0;0;0;0;0;0;0;0;0;0;0;0;0;0;0;0;0;0;0;0;0;0;0;0;0;0;0
Sierra Leone;;0;0;0;0;0;0;0;0;0;0;0;0;0;0;0;0;0;0;0;0;0.015;0.015;0.016;0.016;0.016;0.018;0.004;0.018;0.02;0.08
Somalia;;0;0;0;0;0;0;0;0;0;0;0;0;0;0;0;0;0;0;0;0;0;0;0;0.01;0.011;0.011;0.012;0.015;0.015;0.015
South Africa;;0.992;1.656;1.016;0.595;0.56;0.624;1.623;1.617;3.162;2.759;1.01;1.98;0.752;0.146;1.074;0.529;1.376;2.231;1.814;0.913;1.635;2.353;2.653;1.073;1.237;1.6153;3.1653;1.2163;1.5433;1.7329
Sudan and South Sudan;;0.495;0.739;0.764;0.764;0.75;0.914;0.914;0.916;0.918;0.926;0.948;1.028;1.078;1.08;1.11;0.962;1.063;1.043;1.033;1.198;1.171;1.255;1.274;1.151;1.096;1.248;1.356;1.436;1.448;3.196
Swaziland;;0.126;0.129;0.094;0.065;0.129;0.185;0.151;0.183;0.194;0.217;0.152;0.202;0.202;0.202;0.202;0.208;0.208;0.21;0.208;0.203;0.195;0.19;0.201;0.122;0.102;0.157;0.154;0.171;0.166;0.2
Tanzania;;0.987;1.019;1.028;1.064;1.094;1.114;1.069;1.162;1.233;1.431;1.534;1.709;1.634;1.681;1.478;1.524;1.731;1.435;2.057;2.143;2.121;2.576;2.693;2.524;2.333;1.76;1.422;2.486;2.628;2.756
Togo;;0.038;0.038;0.057;0.019;0.038;0.076;0.076;0.076;0.076;0.095;0.095;0.193;0.128;0.23;0.148;0.255;0.19;0.093;0.172;0.203;0.099;0.05;0.086;0.123;0.0819;0.0749;0.0928;0.1005;0.0919;0.094
Tunisia;;0.023;0.029;0.039;0.03;0.066;0.108;0.051;0.112;0.047;0.034;0.044;0.104;0.064;0.063;0.04;0.041;0.07;0.072;0.075;0.094;0.085;0.076;0.092;0.195;0.194;0.1839;0.1271;0.0899;0.0671;0.17
Uganda;;0.633;0.513;0.555;0.513;0.612;0.628;0.64;0.612;0.581;0.678;0.761;0.768;0.973;0.958;0.997;1.035;1.107;1.24;1.255;1.258;1.551;1.546;1.668;1.752;1.888;1.839;1.16056;1.398;1.631;1.742
Western Sahara;;0;0;0;0;0;0;0;0;0;0;0;0;0;0;0;0;0;0;0;0;0;0;0;0;0;0;0;0;0;0
Zambia;;9.01;9.676;9.913;9.93;9.783;9.852;9.695;8.353;8.291;6.702;7.731;7.715;7.663;7.666;7.668;7.792;7.043;7.807;7.464;7.635;7.673;7.814;8.021;8.174;8.375;8.794;9.746;9.703;9.569;10.173
Zimbabwe;;3.966;4.072;3.568;3.695;3.422;3.065;3.122;2.48;2.659;3.369;3.752;3.527;2.88;1.766;1.628;1.814;2.141;2.102;1.861;2.92;3.227;2.968;3.786;5.305;5.466;5.776;4.241;4.496;4.22;4.16
Asia & Oceania;;267.6064;284.8159;294.9084;314.9812;317.2233;335.6785;349.3395;343.494;385.533;408.768;423.80645;431.47085;423.06805;456.9917;469.28224;506.9256;499.99457;518.06261;546.75297;555.4818;564.3015;621.61;625.8676;657.50136;740.18887;797.75605;873.00911;876.0616;981.32089;1020.85836
Afghanistan;;0.711;0.721;0.707;0.746;0.757;0.77;0.713;0.756;0.744;0.75;0.756;0.683;0.473;0.47;0.467;0.412;0.361;0.322;0.3;0.3;0.312;0.498;0.555;0.63;0.565;0.59;0.595;0.603;0.60801;0.6311
American Samoa;;0;0;0;0;0;0;0;0;0;0;0;0;0;0;0;0;0;0;0;0;0;0;0;0;0;0;0;0;0;0
Australia;;13.214;14.335;13.961;12.411;12.375;13.929;14.772;13.863;14.11;15.111;14.706;16.363;15.8044;17.0954;16.811;16.45075;16.54745;17.76625;16.6759;17.5711;17.3928;17.9445;17.6191;18.3606;18.3311;17.8313;19.1721;18.637;17.4804;18.584
Bangladesh;;0.625;0.523;0.662;0.662;0.897;0.739;0.45;0.512;0.668;0.911;0.875;0.83;0.788;0.602;0.839;0.604;0.732;0.71202;0.85605;0.8251;0.9375;0.984;1.057;1.118;1.218;1.2855;1.387;1.4;1.481;1.5682
Bhutan;;0.006;0.007;0.008;0.008;0.008;0.008;0.3;1.168;1.529;1.529;1.541;1.557;1.604;1.604;1.658;1.715;1.852;1.82;1.783;1.782;1.792;1.921;2.178;2.502;2.329;2.62;4.474;6.494;6.891;6.826
Brunei;;0;0;0;0;0;0;0;0;0;0;0;0;0;0;0;0;0;0;0;0;0;0;0;0;0;0;0;0;0;0
Burma (Myanmar);;0.788;0.851;0.917;0.983;1;0.993;1.031;1.013;0.926;1.133;1.181;1.228;1.503;1.688;1.598;1.608;1.634;1.669;0.94;1.028;1.873;1.804;2.21;2.228;2.384;2.967;3.291;3.583;4.03;4.139
Cambodia;;0.049;0.053;0.055;0.04;0.03;0.035;0.04;0.045;0.05;0.054;0.062;0.064;0.067;0.069;0.071;0.073;0.077;0.057;0.05;0.044;0.046;0.03;0.029;0.041;0.028;0.0442;0.0521;0.0552;0.0512;0.0532
China;;57.618;64.845;73.656;85.536;85.932;91.476;93.555;99.198;108.009;117.216;125.14;123.86;130.201;149.218;165.695;187.77;186.453;195.33;204.819;213.59;223.094;277.69;288.263;284.191;353.644;397.4536;437.6026;437.8915;538.923;576.605
Cook Islands;;0;0;0;0;0;0;0;0;0;0;0;0;0.0001;0.0001;0.0001;0.0001;0.0001;0.0001;0.0001;0.0001;0.0001;0.0001;0.0001;0.0001;0.00013;0.00013;0.00013;0.00013;0.00013;0.00013
Fiji;;0;0;0;0.049;0.285;0.291;0.349;0.366;0.347;0.347;0.401;0.401;0.406;0.406;0.426;0.445;0.446;0.45002;0.43802;0.46995;0.4341;0.4831;0.4701;0.3641;0.3871;0.3591;0.3611;0.5381;0.5351;0.5001
French Polynesia;;0;0;0;0.016;0.024;0.032;0.035;0.035;0.058;0.064;0.069;0.074;0.09;0.094;0.096;0.125;0.133;0.133;0.151;0.087;0.116;0.105;0.131;0.154;0.178;0.177;0.198;0.22;0.22;0.225
Guam;;0;0;0;0;0;0;0;0;0;0;0;0;0;0;0;0;0;0;0;0;0;0;0;0;0;0;0;0;0;0
Hawaiian Trade Zone;;0;0;0;0;0;0;0;--;--;--;--;--;--;--;--;--;--;--;--;--;--;--;--;--;--;--;--;--;--;--
Hong Kong;;0;0;0;0;0;0;0;0;0;0;0;0;0;0;0;0;0;0;0;0;0;0;0;0;0;0;0.001;0.001;0.001;0.001
India;;46.54;49.56;48.31;49.87;53.405;50.508;53.311;46.996;57.297;61.517;70.969;72.084;69.271;69.863;82.081;72.342;69.081;74.859;83.198;82.203;76.604;76.829;67.777;79.783;89.9508;108.8166;122.6895;132.4604;128.0984;124.765
Indonesia;;2.234;2.907;2.782;3.139;3.402;4.197;5.769;5.244;6.65;7.87;7.735;8.104;10.039;9.071;8.885;10.239;10.983;8.295;14.153;13.843;14.549;17.276;15.771;15.022;15.914;16.9138;15.8841;17.87902;19.3426;20.1531
Japan;;88.875;87.922;90.505;94.295;84.649;94.69;93.749;88.72;105.855;107.81;100.00695;108.50795;93.95985;106.7295;79.58035;96.3146;95.87381;106.50355;109.2588;103.74535;104.447;101.8064;101.5015;115.61165;115.9754;102.8456;114.5789;102.3519;104.5004;102.966
Kiribati;;0;0;0;0;0;0;0;0;0;0;0;0;0;0;0;0;0;0;0;0;0;0;0;0;0;0;0;0;0;0
Korea, North;;10.494;10.652;10.811;10.969;11.128;12.177;12.87;13.464;14.85;14.85;15.444;14.85;14.058;13.167;13.662;14.058;12.375;10.593;10.098;10.197;10.098;10.494;10.514;11.603;12.375;13.001;12.494;13.147;13.927;12.339
Korea, South;;1.539;2.257;1.56;2.272;1.978;3.153;3.078;3.925;1.967;2.934;4.638;3.452;3.068;4.188;2.32554;2.9354;2.80376;2.88887;4.342;4.228;4.091;4.227;3.422;5.125;4.692;4.0538;4.0195;4.5587;4.3739;4.7327
Laos;;0.92;1.089;1.138;1.019;0.94;0.857;0.819;0.531;0.487;0.661;0.817;0.876;0.858;0.867;0.853;1.042;1.194;1.164;1.802;2.324;3.277;3.297;3.212;2.832;2.998;3.135;3.241;3.336;3.642;3.347
Macau;;0;0;0;0;0;0;0;0;0;0;0;0;0;0;0;0;0;0;0;0;0;0;0;0;0;0;0;0;0;0
Malaysia;;1.398;1.578;1.29;1.684;3.397;3.776;4.032;4.861;5.607;5.183;3.948;4.363;4.316;4.823;6.458;6.156;5.132;3.831;4.803;7.445;7.34;6.371;5.248;5.693;5.769;5.134;6.378;6.42301;7.38401;6.60401
Maldives;;0;0;0;0;0;0;0;0;0;0;0;0;0;0;0;0;0;0;0;0;0;0;0;0;0;0.00001;0.00003;0.00003;0.00003;0.00003
Mongolia;;0;0;0;0;0;0;0;0;0;0;0;0;0;0;0;0;0;0;0;0;0;0;0;0.00011;0.00041;0.00041;0.00041;0.00041;0.0024;0.0024
Nauru;;0;0;0;0;0;0;0;0;0;0;0;0;0;0;0;0;0;0;0;0;0;0;0;0;0;0;0;0;0;0
Nepal;;0.176;0.208;0.206;0.314;0.335;0.332;0.432;0.543;0.557;0.536;0.877;0.901;0.83;0.865;0.924;1.147;1.169;1.051;1.12;1.397;1.616;1.831;2.098;2.24;2.378;2.492;2.708;2.755;2.775;3.075
New Caledonia;;0.276;0.268;0.408;0.278;0.397;0.479;0.398;0.254;0.527;0.516;0.456;0.34;0.342;0.342;0.376;0.42;0.39;0.36;0.393;0.467;0.445;0.37;0.325;0.325;0.33303;0.356;0.315;0.426;0.485;0.48
New Zealand;;20.9304;20.8949;19.5724;21.0422;21.7363;20.9895;23.3775;23.582;24.774;24.149;25.6815;25.5889;23.1197;25.9337;28.23925;29.56775;28.21545;26.2088;27.1417;26.4269;27.6356;24.7573;27.9082;26.531;30.057;27.1553;27.6505;28.1998;27.6562;30.5515
Niue;;0;0;0;0;0;0;0;0;0;0;0;0;0;0;0;0;0;0;0;0;0;0;0;0;0;0;0;0;0;0
Pakistan;;8.627;8.953;9.423;11.251;12.698;12.114;13.66;15.098;16.516;16.797;16.756;18.12;20.901;19.242;22.629;22.974;20.649;21.839;22.225;19.095;17.022;18.752;22.127;26.675;25.414;30.553;31.633;28.42;27.506;27.822
Papua New Guinea;;0.312;0.307;0.301;0.381;0.406;0.416;0.452;0.433;0.44;0.45;0.455;0.455;0.455;0.455;0.46;0.862;0.934;0.703;0.859;0.91;0.921;0.921;0.921;0.97;0.936;1.182;1.154;1.254;1.246;1.245
Philippines;;5.45;6.322;7.141;6.825;9.45;10.209;10.331;9.54;10.814;11.47;11.193;10.563;9.624;10.328;11.891;11.998;13.167;12.847;13.501;17.826;18.766;16.953;16.693;17.121;18.275;17.728;19.83304;18.238;19.99311;19.56169
Samoa;;0.007;0.007;0.012;0.012;0.016;0.017;0.02;0.018;0.018;0.02;0.02;0.02;0.025;0.025;0.025;0.026;0.03;0.033;0.038;0.043;0.035;0.048;0.062;0.054;0.05;0.05;0.051;0.0522;0.0532;0.0502
Singapore;;0;0;0;0;0;0;0;0;0;0;0;0;0;0;0;0;0;0;0.04;0.04;0.06;0.07;0.09;0.08;0.07;0.13;0.1;0.07;0.09;0.08
Solomon Islands;;0;0;0;0;0;0;0;0;0;0;0;0;0;0;0;0;0;0;0;0;0;0;0;0;0;0;0;0;0;0
Sri Lanka;;1.464;1.556;1.591;1.204;2.069;2.37;2.617;2.154;2.57;2.773;3.114;3.085;2.871;3.758;4.048;4.407;3.219;3.413;3.876;4.131;3.176;3.091;2.679;3.276;2.945;3.4329;3.8672;3.9262;4.108;3.885
Taiwan;;2.905;4.77;4.758;4.967;4.41;5.941;6.069;5.454;4.626;4.814;6.677;4.265;7.01;4.528;5.561;5.491;5.556;5.924;7.03;6.2;6.2231;7.2613;5.5743;5.9285;6.2026;7.034;7.408;8.195;8.026;7.669
Thailand;;1.26;2.943;3.797;3.622;4.039;3.654;5.496;4.033;3.74;5.515;4.927;4.542;4.198;3.664;4.47;7.237;9.069;7.72;5.8474;5.6023;7.5683;7.7423;9.3983;10.2283;9.2823;9.5428;11.6479;12.636;12.1458;12.688
Timor-Leste (East Timor);;--;--;--;--;--;--;--;--;--;--;--;--;--;--;--;--;--;--;--;--;--;--;--;0;0;0;0;0;0;0
Tonga;;0;0;0;0;0;0;0;0;0;0;0;0;0;0;0;0;0;0;0;0;0;0;0;0;0;0;0;0;0;0
U.S. Pacific Islands;;0;0;0;0;0;0.016;0.03;0.03;0.03;0.03;0.03;0.03;0.03;0.03;0.03;0.03;0.03;0.03;0.03;0.025;0.025;0.025;0.018;0.018;0.018;0.018;0.018;0.018;0.018;0.018
Vanuatu;;0;0;0;0;0;0;0;0;0;0;0;0;0;0;0;0;0;0;0;0;0;0;0;0;0;0;0;0;0;0
Vietnam;;1.188;1.287;1.337;1.386;1.46;1.51;1.584;1.658;1.767;3.758;5.331;6.264;7.156;7.866;9.123;10.476;11.888;11.54;10.984;13.636;14.405;18.028;18.016;18.796;17.489;20.854;20.204;22.292;25.727;29.691
Wake Island;;0;0;0;0;0;0;0;0;0;0;0;0;0;0;0;0;0;0;0;0;0;0;0;0;0;0;0;0;0;0
World;;1753.89153;1779.38295;1833.1705;1918.08564;1985.49366;2006.18543;2051.17043;2061.34842;2140.63038;2177.27867;2270.17817;2318.64226;2339.43237;2469.97466;2500.47743;2625.96133;2669.81763;2740.05285;2756.90699;2814.51402;2860.0597;2820.29774;2889.19367;2919.62816;3124.95478;3273.1913;3420.90494;3467.89414;3650.97489;3760.58958
