Table: Total Primary Energy Consumption per Capita (Million Btu per Person);;;;;;;;;;;;;;;;;;;;;;;;;;;;;;;
;;;;;;;;;;;;;;;;;;;;;;;;;;;;;;;
;;1980;1981;1982;1983;1984;1985;1986;1987;1988;1989;1990;1991;1992;1993;1994;1995;1996;1997;1998;1999;2000;2001;2002;2003;2004;2005;2006;2007;2008;2009
;;;;;;;;;;;;;;;;;;;;;;;;;;;;;;;
North America;;285.68409;276.84427;263.65569;259.14797;269.07466;266.9522;264.54911;269.62722;278.30364;281.80502;276.28537;273.42016;274.12172;275.33544;277.33548;278.97942;284.47026;282.99072;280.58912;283.12384;286.03109;276.05554;277.32785;276.85265;279.89973;278.94118;275.20085;276.55489;269.18362;253.64162
Bermuda;;144.99507;124.85659;131.74304;138.84985;134.69285;131.85953;123.82718;173.92252;188.9909;228.79749;160.53691;138.57255;110.23853;117.25706;124.38382;122.59727;123.24501;122.41823;121.36946;120.34428;118.96492;117.04571;117.20732;125.76214;133.05066;140.64392;138.71009;152.11966;145.63108;147.73336
Canada;;394.20071;385.12116;365.30462;361.00634;380.69733;391.35332;391.32617;398.71649;411.00785;409.10717;395.05809;395.33755;401.41006;404.15382;409.82813;411.29086;417.96903;417.25878;403.95526;420.6311;420.00803;410.10562;413.75684;423.98531;430.41498;437.43882;423.11007;427.2311;420.0606;389.47297
Greenland;;157.53692;146.15335;139.70256;96.94705;151.90734;134.32146;86.04597;61.99515;141.72183;121.09299;141.54832;140.31618;123.89525;127.33865;128.5979;127.99823;129.24865;131.95518;133.61064;133.41504;135.70245;139.36854;140.31681;140.64;140.95177;143.42677;146.85465;143.55009;159.34193;146.9125
Mexico;;54.40504;58.73276;60.30758;55.19914;55.52967;57.34561;55.15554;55.72029;55.48931;57.41821;54.80805;57.40878;57.53635;57.27318;58.52203;56.62046;58.0192;58.83579;61.05407;61.38158;63.3563;62.15181;61.41323;62.10105;61.1796;63.32475;67.8547;66.1905;66.00178;62.90241
Saint Pierre and Miquelon;;366.44407;366.97705;335.70365;363.18736;354.11553;310.76473;385.89639;489.64025;508.46265;579.01861;567.22395;537.84276;499.80162;272.68993;285.23787;189.84663;189.18022;129.41915;149.85835;149.7884;163.57035;151.0813;152.0357;166.90575;181.25675;188.57905;191.65624;200;202.5936;246.97765
United States;;343.56604;331.66502;315.53909;312.11742;324.95186;321.07928;319.18583;326.28178;338.2804;343.51437;338.45128;333.7721;334.41721;336.34991;338.58849;341.85671;349.01265;346.97708;344.44987;346.37296;350.19192;337.33544;339.27663;337.47399;341.7953;339.07048;333.69515;335.9772;326.16915;307.96362
South America;;39.3558;38.35712;37.51245;36.29235;37.87983;37.86199;39.39108;39.45946;39.65736;40.20113;40.35614;41.32153;41.13366;36.70023;43.76143;44.95998;46.56661;48.13686;49.04774;48.74062;49.31726;49.33799;48.66814;49.03573;50.46299;51.37463;53.1588;53.14042;54.65113;53.19602
Antarctica;;NA;NA;NA;NA;NA;NA;NA;NA;NA;NA;NA;NA;NA;NA;NA;NA;NA;NA;NA;NA;NA;NA;NA;NA;NA;NA;NA;NA;NA;NA
Antigua and Barbuda;;87.26986;77.84484;104.48771;63.25815;72.91764;71.52396;71.75434;87.59687;90.06309;90.36875;94.82585;93.64953;91.7373;88.70782;97.9894;98.81747;96.65545;98.71985;96.91856;95.30142;96.27062;94.80757;93.8928;98.11036;104.24747;111.84012;112.60531;106.83264;115.13057;116.5227
Argentina;;57.82593;55.36829;57.03772;56.8246;60.77123;56.78955;60.92196;61.71267;60.95879;59.55942;56.72928;58.84569;60.26974;57.26359;64.36419;65.53459;67.09452;68.24183;70.51256;70.52156;71.46593;69.296;65.3014;69.55727;71.75328;75.38977;78.76753;81.43446;82.45297;80.75135
Aruba;;--;--;--;--;--;--;24.37519;24.63346;93.45205;123.07632;124.82871;129.39173;132.60517;120.12491;133.59398;150.21145;95.09214;146.57367;144.82043;143.10872;149.87734;148.67557;146.74152;153.85148;152.10326;153.37754;162.12541;146.08044;138.57259;156.78795
Bahamas, The;;285.58352;296.39161;249.15641;184.03764;163.35807;145.54466;141.4933;154.46796;142.18925;159.48162;167.93008;146.41411;120.70441;115.0592;138.61511;160.41347;177.68366;174.3077;194.19146;173.05945;168.04827;163.11071;162.52653;194.26011;194.52535;221.77358;220.22079;207.75534;233.28277;241.57326
Barbados;;57.39445;60.62922;60.24835;63.29602;60.72218;66.65112;70.71065;66.78359;63.29631;67.90717;70.15168;70.51443;70.94598;66.8755;67.5039;68.90067;61.02228;75.28968;77.32185;78.88236;86.87332;83.40615;83.00998;84.14113;57.36598;77.13373;73.26884;66.2185;61.21392;70.69237
Belize;;25.72097;23.02922;21.18881;20.70694;21.84939;21.27279;24.55966;19.73053;14.4692;19.39366;25.91541;27.99323;23.60917;21.43423;21.21891;25.40986;22.21583;32.76631;31.78853;31.76086;43.28725;54.07157;50.30254;50.19005;52.15379;53.72224;56.85142;56.85842;56.33428;53.87321
Bolivia;;13.6992;15.03987;13.06344;13.18067;12.54425;11.27959;11.3129;10.89337;12.35916;13.60455;14.08115;13.54072;14.21328;11.95576;15.00288;16.71494;16.0793;17.60547;15.9851;17.58721;19.75324;17.30099;18.37417;22.74453;22.7163;22.06111;24.42841;24.73544;25.9928;25.99846
Brazil;;32.69225;30.82107;30.5611;29.87203;31.98836;33.42996;35.44032;35.74034;36.22892;36.64763;38.04482;39.02695;38.92331;31.57035;41.10099;42.90381;44.84711;46.54961;47.35067;47.49445;48.35603;47.16345;47.12936;47.08066;48.23441;49.45673;50.58786;52.10723;52.52341;51.76622
Cayman Islands;;84.53343;86.43424;83.54034;78.85361;77.47253;76.36957;74.56152;73.89905;156.07917;154.67413;150.38498;153.43366;150.0053;128.47793;142.11746;148.77117;144.16764;139.62931;137.48401;133.09905;127.50217;125.12742;121.49969;122.33775;127.73378;130.37873;144.38717;162.15846;193.31155;129.43041
Chile;;38.46111;37.18087;32.52798;32.46855;33.01739;33.05331;31.72264;32.92498;35.38725;39.2204;43.01773;42.19651;44.57387;44.25788;49.63336;54.21311;58.08248;64.79446;62.98659;66.00449;66.82097;68.15622;68.50728;71.1324;75.6125;79.92607;81.46352;66.15267;80.78291;72.8637
Colombia;;26.14817;26.28961;27.55848;27.36409;29.30622;29.02572;29.62113;26.50746;28.93606;29.35927;26.8301;28.55032;28.25993;28.37679;30.60541;29.93411;32.06314;32.63553;32.51621;30.58665;30.12788;29.603;29.15258;29.80717;29.71896;30.57707;31.22739;31.73391;31.60747;30.64173
Costa Rica;;24.12001;24.26652;23.01555;24.58702;23.02108;22.44308;21.38743;23.03712;24.29912;25.69261;24.61051;25.65032;27.82556;28.48944;30.27276;30.67206;30.20443;32.60868;32.6416;35.00297;36.14945;36.62213;37.94026;39.29651;39.4825;38.33107;40.79402;42.38606;43.18273;41.53303
Cuba;;47.2732;47.77418;51.21702;46.52508;47.70086;48.09297;49.37208;48.23367;48.52164;49.02913;47.38072;43.55751;38.22016;34.43116;38.02607;38.53153;39.2494;43.08355;40.83554;41.2899;41.35003;41.73017;41.64083;41.17946;45.99506;39.79542;31.28368;32.64524;31.31391;33.58148
Dominica;;6.44893;8.35879;8.18401;8.98958;9.17708;9.93391;9.91605;10.75977;13.49621;14.34762;14.44323;14.42792;14.34145;14.24105;16.88448;18.8647;18.98512;19.33331;21.05641;21.70247;20.92045;24.56282;26.68247;28.35389;26.17651;22.14136;26.93485;26.63227;28.08688;31.86925
Dominican Republic;;15.31664;14.81708;15.28268;17.80599;15.05629;16.73811;16.73373;18.94369;19.6732;18.3592;19.58241;19.5478;19.90138;17.146;19.23188;20.50567;21.8477;22.63913;22.97998;26.16774;27.64547;28.39287;28.83143;32.15423;30.07814;29.69136;30.26592;31.15816;30.75553;32.54311
Ecuador;;23.54789;23.723;25.21968;22.95356;23.55549;24.34422;25.48443;24.49383;24.73885;23.60585;24.59874;25.7043;28.25457;23.65122;28.56886;27.35176;28.83816;29.0748;29.05498;27.37781;27.68984;28.57644;28.46635;28.76802;29.33016;29.786;31.87415;33.32802;39.93563;35.4063
El Salvador;;9.90524;9.18827;9.27649;9.36653;9.81014;9.66034;10.13827;9.65033;10.35287;10.34383;10.43984;10.15055;11.34747;10.63757;12.64403;15.32582;15.4319;15.30168;17.25888;17.8657;17.15352;17.78214;17.51834;19.06735;18.6234;19.54427;20.2377;20.38138;19.95468;19.77516
Falkland Islands (Islas Malvinas);;86;86.5;86.5;86.5;87;107.5;108.02512;108.02512;216.36622;196.75964;174.97286;174.97286;174.4948;174.47631;174.97286;196.75964;218.81339;198.51823;151.49804;140.67675;138.54698;136.77427;150.00104;148.15781;161.92675;176.99729;192.04094;219.8536;215.34112;208.33822
French Guiana;;73.57143;63.27143;80.64286;72.625;57.9125;51.7;60.23424;59.77909;64.19042;72.33297;79.22202;89.59779;66.21117;86.80625;83.48138;88.82092;88.57824;83.26961;79.69024;79.69024;80.54455;77.3256;77.38093;78.75347;74.48972;77.58163;78.2869;75.38428;70.63778;77.91741
Grenada;;7.41981;8.29417;9.20856;8.95964;9.19796;9.43487;10.42243;10.8935;11.74313;12.23524;18.92016;18.94912;19.32496;18.8712;24.52534;22.60383;24.71728;30.95884;27.66122;27.49687;17.76633;31.10982;33.56459;33.80959;33.84648;34.55643;36.18789;35.63762;36.62326;43.41634
Guadeloupe;;20.97033;29.80826;37.39589;38.8;42.38286;37.86723;38.48986;43.1804;46.65575;50.40794;52.89578;53.99112;48.90808;52.24812;57.0949;58.56395;56.64358;57.68666;57.80392;57.80662;61.20831;62.14473;62.73453;66.58615;67.15277;70.32319;73.6661;81.68591;83.40446;74.68078
Guatemala;;10.10108;8.37477;8.31218;8.76385;7.32325;7.99104;8.34417;8.01018;8.38714;8.57596;8.99756;8.54301;9.15129;8.92247;10.6116;10.73172;11.31554;12.30286;13.33071;14.00832;14.19752;14.9931;14.60436;15.09192;16.41684;17.17344;16.71989;16.44372;15.38379;16.26562
Guyana;;28.20555;31.94944;25.6355;22.6457;25.88755;26.30812;25.31519;19.21498;19.06369;12.71794;12.20405;14.08347;16.14646;19.8534;20.26616;17.2906;18.4781;20.2618;25.50134;26.86929;29.14698;29.9449;30.57603;30.01538;26.96023;29.78182;28.5619;28.62595;29.48422;28.09706
Haiti;;2.72289;1.93531;2.49122;2.19219;2.18226;2.44303;2.34578;3.33304;3.55284;3.20813;2.07883;2.04682;2.16514;1.51927;1.35111;2.06531;2.35401;2.76246;2.67392;2.83827;2.86237;3.03599;3.03977;2.97034;2.96937;2.95414;2.97598;3.05994;3.71334;3.23363
Honduras;;9.74819;8.70818;8.58394;8.66709;8.59895;7.90254;8.90302;8.31101;10.0706;11.29594;12.36853;11.94985;11.91099;11.43149;11.29919;11.70198;12.84621;12.69196;13.29286;14.13207;13.52537;14.23744;14.60221;14.6274;15.52765;16.20054;16.69096;17.90524;17.241;17.43696
Jamaica;;52.96658;44.07997;37.66983;40.05708;32.61826;29.20159;29.37279;31.56085;36.3646;41.63643;44.06458;44.73056;48.62658;46.88058;50.02712;54.42137;55.06718;57.29001;57.7931;58.77582;55.94061;55.64922;56.48034;58.2558;58.354;55.74078;62.10219;64.79763;63.6546;57.28714
Martinique;;27.56637;26.95308;26.73761;26.19075;23.22;27.72521;29.49752;33.06591;39.1559;54.95648;58.52261;47.78214;52.68131;64.85955;69.39467;70.19989;69.38678;68.7817;68.22648;67.07289;67.67101;67.88729;68.17871;70.48087;72.42865;76.65579;76.49434;79.38933;70.79567;84.46878
Montserrat;;21.75021;24.0095;24.26685;24.48097;24.82084;27.20127;27.58472;31.84233;36.18192;36.68235;49.28108;45.86755;54.50701;54.96813;55.49713;64.4841;77.45131;111.05301;208.72413;208.90949;189.8076;177.39666;156.33772;187.14959;186.16234;214.40686;228.5013;254.87589;229.36791;414.9745
Netherlands Antilles;;1023.12044;948.51314;904.41133;820.20662;763.34319;635.41897;822.9975;829.73776;768.31361;806.83252;782.58345;737.08196;719.62185;577.66665;737.04106;768.61423;757.78509;795.34004;785.30154;749.95832;741.86776;743.51332;704.92157;669.26527;666.58605;695.95461;722.67731;754.01854;859.21699;664.1251
Nicaragua;;11.67888;11.56468;11.19941;10.40754;10.29406;11.19794;10.65788;10.78709;10.6815;11.30947;10.08214;9.04053;9.82535;9.04068;9.78512;10.16075;10.36916;10.48722;11.07231;11.69465;11.19033;11.68684;11.83331;11.81364;12.31103;12.9353;12.59675;12.54256;12.2939;11.45644
Panama;;93.60795;93.1545;86.26307;85.58009;85.91074;76.47222;77.29642;78.93069;76.12007;72.77678;75.43978;73.50836;72.90127;69.1844;78.81753;81.80471;71.86517;72.46862;74.42041;71.94736;71.16999;68.90553;67.53168;64.45282;73.18914;69.7923;71.53311;72.11392;71.96651;70.47487
Paraguay;;8.79556;8.35033;7.90403;8.29289;8.86183;15.17788;30.11966;43.55942;44.01328;53.08554;54.93574;56.65898;51.83786;56.1844;64.21414;72.09978;73.29558;78.8906;78.4343;79.78119;79.30807;68.68601;70.09848;74.03314;71.22053;69.15098;70.60548;69.57283;71.01146;69.40066
Peru;;23.35824;24.23746;23.60885;21.58086;21.66962;21.53835;22.64372;22.44225;21.89859;19.24108;17.81851;17.30704;16.69388;17.28228;19.27017;19.79588;20.63412;19.56062;19.90068;19.96991;20.2652;20.30077;20.31238;20.43024;20.75705;21.51047;23.18511;22.86146;24.91153;26.28935
Puerto Rico;;133.22556;138.97549;100.96588;96.71324;107.26417;91.91236;98.80236;101.81777;92.14306;89.08477;84.85848;104.72087;92.76138;85.44062;97.52458;98.76783;100.48334;102.22764;104.08655;86.1688;115.53291;124.64471;124.82859;134.10093;136.21825;131.31938;130.98358;108.20301;111.48005;104.68619
Saint Kitts and Nevis;;17.12148;18.07561;21.07205;17.21027;17.31341;17.37672;17.51242;18.64213;21.84802;22.05161;22.18765;25.48811;25.33587;28.16228;33.00909;29.64755;33.21209;32.9373;32.53783;32.16005;31.70199;31.42407;31.08954;34.52433;37.73754;39.3872;51.6609;72.75418;72.35197;85.51091
Saint Lucia;;13.4066;10.4601;12.36701;11.20268;11.07514;13.44213;13.34465;14.75132;17.85736;17.77457;17.63735;17.43331;17.78714;16.00534;19.25326;19.30611;19.03559;19.77321;19.60209;19.46137;30.72851;32.00463;32.42464;35.40393;34.03415;33.8151;34.63872;36.30141;37.80126;39.60029
Saint Vincent/Grenadines;;7.4445;6.93254;7.36666;7.28216;7.20819;8.14249;8.30992;8.96729;10.56663;13.93709;13.16378;11.55857;12.9632;11.52094;18.3911;19.19924;19.16186;20.30741;24.07338;24.14296;24.89694;24.86344;26.45947;27.72384;29.82835;29.8763;29.30211;29.82898;30.09279;42.60677
Suriname;;114.59756;101.08413;96.84967;67.19638;62.49297;74.72514;67.67895;49.32171;57.23399;76.75554;87.49493;89.10648;86.97555;85.9083;88.59434;84.24776;82.35341;82.45409;81.71071;80.99412;67.6775;70.09572;72.01678;72.78756;73.88917;75.92549;77.49911;75.85937;75.40005;75.39686
Trinidad and Tobago;;159.67503;150.84746;148.84342;161.04729;214.54304;230.49014;170.3342;156.37023;159.66165;170.29471;180.25302;200.78643;196.25005;208.81934;246.04648;257.34838;284.25582;308.76363;308.10744;317.69574;335.9551;379.10774;401.31148;433.7336;476.05242;544.4062;665.10031;668.47392;727.65659;697.83869
Turks and Caicos Islands;;0;0;0;0;0;0;0;0;0;0;0;0;0;0;0;13.09808;12.60487;12.07976;12.78476;12.31618;22.37479;12.53599;9.3651;9.06905;8.74536;8.51267;7.94498;45.95588;99.42069;46.10627
Uruguay;;37.31676;35.16329;33.18281;40.24278;38.9189;36.01192;37.5526;39.90593;38.72013;33.91455;42.9413;38.02026;43.19234;40.79659;43.10429;38.61288;39.61343;43.33042;53.85232;48.13618;49.31593;48.33675;49.89899;48.11434;41.27509;45.66503;43.07319;50.98685;50.68372;44.69669
Venezuela;;107.5507;113.62239;111.81251;104.67922;103.57604;102.50874;108.12441;107.3719;105.37742;109.39863;107.98703;111.72576;109.54239;100.00394;115.34448;114.61557;117.31756;119.02825;125.43832;114.44691;117.86217;127.09929;121.2954;110.93381;117.68697;114.55627;123.5453;118.26526;122.46041;118.74852
Virgin Islands,  U.S.;;2507.33671;2242.76687;1624.74517;1138.98633;1328.51889;1484.73601;988.31589;1162.78684;813.17326;1237.81753;1115.26692;1133.08131;1147.5528;798.10402;1145.12263;1130.05868;1115.16627;1135.4424;1175.13791;2820.77293;1276.11515;1765.08718;1751.24733;2057.53104;2145.11884;2088.39056;2176.55884;1967.19219;2030.81024;1711.16029
Virgin Islands, British;;29.4599;44.65067;43.22084;41.59191;36.85369;36.63809;38.78567;43.77558;45.08793;46.51251;44.88809;43.29598;44.59433;43.38525;42.36274;41.32534;45.03734;44.09288;43.07878;42.10394;41.05371;40.26156;39.394;44.63484;55.3154;58.24156;60.86421;64.86624;66.60649;86.3803
Europe;;135.49842;130.50385;128.49114;128.57619;131.14909;134.4836;136.80179;138.8556;138.99474;139.17945;137.03162;135.56948;132.80932;132.7303;131.98103;134.719;138.81666;138.61725;139.21054;138.76735;140.02601;141.55653;140.44527;142.58804;144.49167;144.51129;144.82406;143.08766;142.22242;134.1814
Albania;;57.9299;56.75174;55.45018;55.96309;55.49845;54.40434;52.29452;51.15072;51.54023;47.03169;33.27445;29.18087;27.1392;19.22118;22.2424;24.15168;26.49093;23.96268;25.99616;29.69816;30.45457;29.28425;30.71569;37.29669;38.25494;39.97817;39.43053;34.49421;36.73802;41.78577
Austria;;145.14581;143.59268;136.58322;137.72356;141.00572;143.90382;143.14514;136.23602;146.70016;148.15624;150.72127;156.29154;151.55979;155.21353;153.47781;159.91014;165.76151;167.55424;170.65636;170.8711;171.59455;178.09149;178.92868;180.96077;184.79538;190.32883;188.10496;185.52892;185.65814;178.03176
Belgium;;209.63472;208.16805;196.33516;186.88603;193.52176;203.02452;209.47471;212.76982;211.50788;216.46928;219.53211;227.29402;222.87838;222.24085;234.6787;240.09818;254.08854;259.35403;264.04014;259.3348;266.29089;262.51752;259.74925;269.23342;271.23413;268.0088;265.40217;264.64593;279.92774;250.16873
Bosnia and Herzegovina;;--;--;--;--;--;--;--;--;--;--;--;--;60.73727;49.18917;27.52736;47.48292;31.69428;44.24532;48.7399;48.31684;55.40355;53.78331;55.60144;53.5826;58.30776;61.43053;63.08211;60.59354;64.7246;65.85187
Bulgaria;;149.41878;148.10048;152.81871;154.84084;155.8208;159.76147;157.93743;157.07568;156.90575;146.53113;132.72385;104.06865;104.13724;95.60994;101.09413;111.60336;116.21895;113.59472;106.35325;97.77057;110.98302;116.84117;114.14943;116.82857;116.35127;122.79449;126.81959;114.55652;112.18779;103.53463
Croatia;;--;--;--;--;--;--;--;--;--;--;--;--;69.49406;66.9611;74.87575;76.55193;78.00297;79.80943;84.22168;84.97649;85.15439;86.52834;83.41339;87.40116;90.76465;89.89856;92.37782;88.12105;90.54948;88.9077
Cyprus;;66.66201;56.76698;59.93123;65.43376;65.93966;68.8536;70.26145;77.34392;76.06122;90.09243;93.50376;91.5356;103.1656;90.11134;112.13839;109.22999;104.77889;104.80114;111.72758;116.07184;112.12899;120.62325;116.86021;115.65805;119.14398;118.56589;122.44637;120.67296;123.28863;115.695
Czech Republic;;--;--;--;--;--;--;--;--;--;--;--;--;--;155.15976;149.12376;151.57023;160.33173;141.98358;138.21334;129.694;135.88315;140.4144;140.37104;146.81424;146.59847;150.71577;155.12449;159.69999;157.95999;149.89753
Denmark;;168.46592;146.15759;144.33196;136.70381;140.60279;159.17987;159.16865;162.34693;157.02062;146.6357;149.5678;163.87875;153.51515;162.02733;168.38762;168.68916;185.90505;178.10022;173.44624;167.71094;163.61397;165.40478;158.87045;165.88705;159.01368;154.79128;164.54912;159.92096;152.57596;143.44335
Faroe Islands;;152.64079;11.67853;11.57723;11.56539;11.35211;11.23235;165.96274;171.68722;180.16497;196.67848;209.64331;193.45899;193.9527;193.62159;209.67266;224.29829;227.92809;227.61118;226.34492;222.01606;223.24158;219.42285;221.518;218.94008;221.10077;224.87485;242.61686;233.01457;233.95933;237.78068
Finland;;203.40507;206.22664;187.78103;186.13173;193.64176;195.16876;201.06918;215.8522;214.38075;215.78188;213.02034;215.61404;224.73655;225.77241;232.43228;220.83501;222.68583;228.75323;237.08863;234.32905;234.85245;236.85059;240.38437;253.33011;257.63125;241.28806;252.30476;252.76446;245.96818;227.63753
Former Czechoslovakia;;179.92158;177.9853;176.60479;177.90404;180.67401;183.86412;188.75805;192.35966;186.61167;188.29695;186.61482;164.55487;152.67098;--;--;--;--;--;--;--;--;--;--;--;--;--;--;--;--;--
Former Serbia and Montenegro;;--;--;--;--;--;--;--;--;--;--;--;--;64.70909;51.43906;53.67749;45.80346;71.20796;72.14497;75.46886;61.65688;62.51419;66.26796;73.82655;73.93827;75.97409;71.56972;--;--;--;--
Former Yugoslavia;;76.5063;79.55146;80.85499;82.18001;95.27846;97.82612;97.7353;97.8516;97.62993;97.29807;92.72996;82.38794;--;--;--;--;--;--;--;--;--;--;--;--;--;--;--;--;--;--
France;;155.38509;148.621;142.75848;144.41878;148.31842;150.9516;152.79941;154.36514;153.27665;156.85298;160.36105;170.12038;169.90494;169.39229;168.30469;172.2259;177.83029;176.00634;179.07485;180.36743;181.73595;184.73622;182.19641;183.18556;185.1541;184.78976;184.01441;179.89181;180.3234;169.21715
Germany;;--;--;--;--;--;--;--;--;--;--;--;178.76628;174.1767;173.44411;172.06859;176.12391;175.77176;174.86054;174.65985;171.91232;173.31406;177.66918;173.9453;177.01646;178.36289;174.68464;177.80099;172.15717;174.27088;163.49577
Germany, East;;214.45337;212.92079;215.27168;211.75914;215.54731;227.61411;228.1918;230.17358;229.78023;223.1317;210.3361;--;--;--;--;--;--;--;--;--;--;--;--;--;--;--;--;--;--;--
Germany, West;;183.1374;174.65472;170.38297;170.97716;176.8159;180.81646;186.97633;186.7095;186.80027;180.32587;181.23635;--;--;--;--;--;--;--;--;--;--;--;--;--;--;--;--;--;--;--
Gibraltar;;255.94061;282.67405;255.02634;204.86858;191.24367;434.97993;642.47433;642.86808;816.33114;691.8312;750.5396;801.43716;1419.63227;1494.46096;1558.08855;1561.98477;1563.44165;1563.30818;1803.74722;1570.67937;3429.9189;1829.54677;1849.71318;1889.09822;1932.43614;1982.78727;2023.73657;2080.49935;2126.25754;1836.66134
Greece;;77.95795;76.7966;74.40349;75.98631;77.64183;81.5217;84.06016;90.0471;95.92551;99.8542;102.51706;102.99695;98.80409;103.33135;104.19773;107.4699;109.26471;114.16581;121.11196;120.17448;126.68538;128.04486;128.18227;135.21987;133.9766;134.47364;138.26286;139.99478;137.06803;131.63824
Hungary;;112.95589;112.11971;111.6917;112.97981;111.27071;115.71055;116.89023;120.48514;119.55601;119.86796;113.90099;108.87146;101.59929;99.3972;99.8583;100.61754;104.28248;102.22683;103.18203;103.27869;100.75146;104.36098;104.91206;107.51136;107.72191;115.04377;114.19632;110.73508;110.38806;103.22293
Iceland;;247.59157;243.46171;255.62678;265.20896;279.45114;274.03552;282.48603;289.81117;293.55397;303.00727;306.92099;296.18751;299.94272;311.44519;311.28853;315.07812;336.41077;347.78531;377.89755;404.77833;424.21621;428.04846;436.95571;438.30051;438.75092;437.31842;474.17012;548.13752;680.11971;669.25341
Ireland;;94.98384;90.56795;88.66073;85.58125;87.15021;88.66556;95.77835;96.02815;94.62821;98.78719;104.8007;108.93596;110.10639;112.65441;117.54959;119.59138;126.2129;132.70475;142.35379;149.62824;157.04573;162.2578;158.77303;154.66317;157.3537;158.0914;162.89799;156.81216;153.01131;137.9098
Italy;;108.32077;106.16828;103.60378;101.51746;105.9745;106.20985;107.61399;111.55429;114.28018;117.60798;118.42921;121.06538;120.26541;119.66848;117.70974;122.96485;123.24471;124.87625;128.27246;130.32738;131.36333;131.78604;132.0986;136.27319;138.13901;139.04151;137.74036;135.56625;134.73164;125.86377
Luxembourg;;389.56574;346.43113;329.40231;313.16497;337.45627;341.49373;338.74102;334.16242;343.08298;364.84246;377.87936;404.39339;396.48279;408.45056;388.06049;339.76446;341.31479;337.56277;324.45912;337.4543;350.71141;362.89095;376.88237;391.69289;426.59758;430.06366;423.8832;415.26063;402.86276;352.59204
Macedonia;;--;--;--;--;--;--;--;--;--;--;--;--;63.36772;62.79259;57.82413;58.98703;63.42131;61.71349;70.10467;64.36358;57.1104;52.55484;52.50183;57.62683;58.52391;59.69493;58.92898;58.19269;58.09871;57.06789
Malta;;51.86375;56.54158;61.38155;44.60653;63.95095;52.81835;60.58382;67.62736;75.4074;81.55104;84.89318;85.57033;84.67354;93.80981;96.05797;89.29982;92.02526;97.53389;101.2634;114.84583;100.49768;83.94837;100.0998;99.32382;100.12153;103.42671;97.55434;102.95814;105.44102;103.69294
Montenegro;;--;--;--;--;--;--;--;--;--;--;--;--;--;--;--;--;--;--;--;--;--;--;--;--;--;--;50.28385;52.28942;53.45887;61.70889
Netherlands;;226.60093;211.09103;200.75515;195.96567;199.83022;207.68347;215.68331;220.35406;219.51692;219.49518;221.43997;231.97129;228.51981;231.69649;228.04351;231.32206;240.42189;237.09847;235.08553;233.02041;238.49879;245.32574;244.37671;246.59584;251.96328;257.37444;250.94928;251.86547;248.5027;242.27644
Norway;;328.2326;338.64408;327.24783;356.06965;369.86817;372.67696;370.07215;375.74149;380.24249;395.54694;403.30873;380.0663;399.52342;396.70914;387.51071;409.61538;385.13062;397.66307;406.9781;422.38778;436.07294;414.44663;426.68484;399.68133;413.61208;428.52755;392.10876;418.72966;418.07787;407.89455
Poland;;142.44643;127.48728;126.52945;125.6129;128.8482;131.98152;133.31949;136.77747;133.57056;128.02265;103.6238;101.18236;99.93339;103.14553;99.00132;95.87492;107.16604;105.66878;99.52107;102.83851;93.7588;89.39419;89.01833;92.51757;95.95255;95.27204;99.92021;100.18104;101.02357;103.50843
Portugal;;44.12957;37.46722;49.35695;50.67659;53.47855;54.13926;57.45751;59.32247;65.65061;70.57051;75.31752;75.39016;76.18977;77.11812;80.5706;83.47111;86.7275;89.86915;95.21111;99.48759;103.48302;104.45687;103.69543;106.50544;105.57427;105.10244;102.11625;104.0297;99.11682;98.11777
Romania;;124.35393;124.20146;129.15605;131.53952;128.18135;128.25102;131.09694;133.77281;131.43574;135.88849;123.10717;96.76944;89.96542;82.10827;82.16997;88.82205;90.65116;89.76974;77.14644;70.85748;70.65909;76.53144;75.27982;73.11359;75.93359;77.09357;77.71991;77.1498;76.23714;66.06962
Serbia;;--;--;--;--;--;--;--;--;--;--;--;--;--;--;--;--;--;--;--;--;--;--;--;--;--;--;80.0314;78.82969;76.54901;77.00199
Slovakia;;--;--;--;--;--;--;--;--;--;--;--;--;--;146.29548;139.52483;149.9142;146.26425;144.08465;143.40098;142.60077;145.35493;152.90964;154.92882;150.37121;147.29065;152.01735;150.70176;144.41819;147.04314;132.22663
Slovenia;;--;--;--;--;--;--;--;--;--;--;--;--;116.09363;115.61926;123.64228;138.82653;151.14148;144.83818;144.84144;146.39001;145.62557;148.62571;150.1336;149.59042;156.15922;158.03757;157.95923;156.38876;167.94854;163.13987
Spain;;81.20063;81.85397;87.71564;89.5464;84.74176;86.60126;87.6375;89.87415;95.87376;98.37643;99.6881;105.08453;104.13436;101.43436;105.29168;108.47823;110.64059;117.65929;122.85224;128.29168;136.27139;140.96407;140.90492;145.97845;148.59737;148.73443;147.45596;148.5212;141.76389;131.2498
Sweden;;249.62463;245.41476;226.11037;232.62291;243.34173;259.38744;262.34429;269.2116;263.31799;257.85345;257.74033;255.24608;257.32885;255.79129;255.69693;259.99608;255.50979;260.31101;269.7181;265.59192;254.19639;268.74947;254.01525;241.56304;256.47741;258.62723;244.9762;248.32084;245.22717;229.96649
Switzerland;;177.72796;163.91336;159.34339;166.46732;162.03988;175.26781;175.69621;174.98915;176.46518;169.67653;172.04018;175.93136;175.75691;172.95618;174.29393;172.34399;168.31716;170.87426;174.54422;182.3282;177.59736;183.74063;173.65535;174.96368;172.59937;167.79073;169.97797;169.12432;173.17729;171.8925
Turkey;;23.10571;21.11115;23.69044;23.88928;24.59509;26.15935;28.73394;31.09369;31.35062;32.5075;34.88406;35.80773;36.22076;38.92199;36.63159;40.19639;43.6033;45.64857;45.94031;43.85502;46.97244;42.30204;45.27701;47.02028;49.03905;51.38279;55.21295;58.7433;56.59623;52.57822
United Kingdom;;156.42099;150.49254;148.0687;148.57989;149.17439;153.77533;156.23057;158.34392;157.92813;161.67441;160.94729;164.72955;159.94932;164.73316;163.68138;161.79048;171.49862;166.06069;165.28404;165.51133;163.78906;165.66049;162.77702;164.10083;164.39624;163.42715;160.44191;153.50922;151.02398;143.04411
Eurasia;;175.74763;176.12256;182.19855;184.82019;194.02348;200.477;205.08044;208.09647;213.21401;209.73324;211.45371;198.66628;182.15199;163.46764;151.28612;145.16729;136.77922;129.53114;127.87774;131.80269;135.73258;134.96018;140.07772;145.39592;149.33775;150.21667;148.98527;154.52477;158.21495;141.89078
Armenia;;--;--;--;--;--;--;--;--;--;--;--;--;59.1546;45.03702;42.9374;43.72719;55.39003;47.60412;50.07025;51.06781;53.39789;54.36554;54.39309;58.43516;60.38476;67.57968;68.47422;74.40993;72.75455;70.23157
Azerbaijan;;--;--;--;--;--;--;--;--;--;--;--;--;132.95998;102.37417;101.66141;96.81446;84.6204;83.0678;70.44572;72.52465;66.59177;66.33323;75.06292;75.91649;79.71932;81.97665;86.38328;72.75625;87.5996;82.60588
Belarus;;--;--;--;--;--;--;--;--;--;--;--;--;149.53361;121.30937;105.08948;98.96341;99.25708;98.33625;96.73647;98.04987;104.86035;96.26996;91.15574;99.39885;96.50969;114.58864;118.19736;122.15498;115.65823;108.6018
Estonia;;--;--;--;--;--;--;--;--;--;--;--;--;190.78234;127.1659;129.32318;121.39827;157.88929;153.0531;165.02567;138.32997;142.26018;148.82351;149.53626;165.57923;173.3975;174.16382;174.4793;188.03872;186.04141;158.91312
Former U.S.S.R.;;175.74763;176.12256;182.19855;184.82019;194.02348;200.477;205.08044;208.09647;213.21401;209.73324;211.45371;198.66628;--;--;--;--;--;--;--;--;--;--;--;--;--;--;--;--;--;--
Georgia;;--;--;--;--;--;--;--;--;--;--;--;--;61.17171;36.41391;30.22879;30.09472;32.1668;33.47696;34.09574;29.9143;28.78766;26.58755;31.20654;28.09121;28.77027;32.07429;29.58663;35.4614;37.12676;38.24715
Kazakhstan;;--;--;--;--;--;--;--;--;--;--;--;--;207.28582;173.54681;141.7887;119.93283;125.06337;108.96446;106.59921;118.76915;121.9725;128.56761;132.1706;120.81108;144.17332;147.11803;156.0417;155.93587;154.19747;143.34842
Kyrgyzstan;;--;--;--;--;--;--;--;--;--;--;--;--;65.05212;54.23474;52.22795;42.0198;49.89629;46.77362;46.20343;49.18526;49.75419;46.4706;38.89581;40.61354;41.69956;40.84738;41.31863;38.42149;33.14849;30.6284
Latvia;;--;--;--;--;--;--;--;--;--;--;--;--;85.30147;64.00847;64.08043;69.38397;69.97062;66.39666;66.41589;61.82684;64.86253;68.23957;65.80024;69.17103;76.17855;80.91841;81.04927;82.43009;72.70522;79.6844
Lithuania;;--;--;--;--;--;--;--;--;--;--;--;--;128.91346;102.01771;96.4588;103.06612;98.39056;97.95842;106.7831;83.20941;81.35321;86.89285;93.73055;97.41068;97.88419;98.02802;98.37024;107.89759;105.07275;102.24967
Moldova;;--;--;--;--;--;--;--;--;--;--;--;--;63.80199;45.41987;35.23175;31.40379;34.2301;34.77707;31.40028;25.03321;25.08407;24.50166;27.24059;29.95529;28.21812;30.82808;33.02718;30.72193;31.94348;30.38864
Russia;;--;--;--;--;--;--;--;--;--;--;--;--;229.88834;206.10247;196.87695;188.16297;174.77974;164.74014;164.18178;171.9278;178.1611;176.07274;183.66391;189.9565;194.39428;193.84999;193.05006;201.0932;208.71551;191.4874
Tajikistan;;--;--;--;--;--;--;--;--;--;--;--;--;52.71565;45.83129;45.09605;36.71753;39.85057;37.32469;37.83688;39.56259;38.37915;38.97198;39.05888;41.19096;40.99463;41.91016;40.53313;39.52625;35.63901;32.44095
Turkmenistan;;--;--;--;--;--;--;--;--;--;--;--;--;81.26406;69.01122;71.63504;74.54408;71.91672;72.8138;65.83615;73.49618;91.4664;113.00663;129.8172;166.63914;175.12789;183.19165;183.02642;193.54156;198.35052;200.04468
Ukraine;;--;--;--;--;--;--;--;--;--;--;--;--;165.29446;155.87539;135.63377;134.90765;124.70854;120.4815;117.16263;116.26914;117.35023;116.29132;121.14043;131.8012;132.21208;135.69274;126.68276;136.92257;136.26603;102.91764
Uzbekistan;;--;--;--;--;--;--;--;--;--;--;--;--;76.90431;91.78512;77.21654;81.01483;79.8935;78.30498;75.78436;75.45369;78.05824;80.59215;81.57447;81.86778;85.80925;81.43976;83.05821;82.22446;85.84347;75.88101
Middle East;;62.24201;63.06424;62.77961;68.05557;71.61569;75.1313;77.56949;79.76514;81.70634;83.30831;83.02984;82.52043;86.06935;78.01791;91.12495;90.63304;93.46608;96.28023;98.21927;98.19579;100.25181;101.69581;105.50354;107.8538;111.97356;119.7882;122.65565;119.57477;127.85498;133.3278
Bahrain;;395.65207;434.39535;444.3345;452.68785;420.19672;483.30865;502.19747;583.26951;487.61223;483.34321;512.02928;557.06351;454.53883;508.28272;507.23392;495.03318;484.99573;559.60507;575.48668;572.08508;574.73794;584.02844;605.23546;610.50926;617.25772;663.91634;714.21103;739.23387;759.99935;764.69153
Iran;;39.85542;35.91281;39.50427;46.52259;47.55806;49.29184;48.13038;48.54869;49.90288;53.37303;53.41102;53.44197;53.8596;51.33463;58.07196;59.5597;60.8307;67.13164;68.44339;71.39363;73.18703;77.56398;83.8489;87.39764;89.67995;101.4702;104.8847;106.57769;107.94426;118.67051
Iraq;;39.59992;35.24302;32.62486;37.59214;35.49787;36.09953;38.33966;38.64127;45.0402;46.96099;50.59077;34.33568;46.94757;45.87593;58.09632;57.7901;55.76616;50.10607;49.34165;48.72695;47.8059;48.60183;47.67023;41.00429;44.33589;45.46168;43.79783;45.79508;46.54632;48.78125
Israel;;93.90327;96.54114;97.10582;94.16373;95.41419;87.69378;89.77684;93.19068;99.26815;101.8827;100.90108;103.16111;112.03496;106.53586;119.76254;116.19215;119.94512;126.17823;125.00116;123.43656;132.68222;139.82133;132.01873;131.40709;129.27212;129.88603;128.67097;125.5734;116.9156;125.84499
Jordan;;35.62175;40.631;44.53281;45.89209;45.69986;45.72567;47.42501;49.95782;45.10201;44.67725;44.55222;37.8561;41.48238;35.28261;44.94798;46.23487;47.96001;45.35179;47.99788;46.779;48.09583;45.9387;47.04469;50.15785;54.25109;56.09312;54.8982;51.64912;50.19321;50.73955
Kuwait;;351.07553;245.87603;233.80728;248.11377;248.39279;232.38194;249.20251;284.93338;313.68802;338.53081;208.38436;226.17934;245.92786;278.82173;369.33144;365.05836;442.5782;451.96119;460.54363;451.63946;460.7881;432.12419;420.22024;439.78275;445.87722;495.8077;473.23286;453.28184;451.80006;462.27668
Lebanon;;36.13005;33.0165;31.43238;31.9367;30.16968;34.16755;32.0038;32.63301;29.39265;22.9502;20.76017;33.67629;33.52732;39.16429;47.03667;50.01779;52.15458;59.16872;59.94173;61.08229;61.80288;58.98911;59.5995;61.73775;58.96092;56.14672;50.43629;46.00537;45.15389;45.09154
Oman;;54.55055;55.00597;63.62841;70.29103;69.78162;79.30471;86.70128;86.00341;78.06106;97.23712;102.30574;112.52112;105.41178;110.97416;114.04554;104.9231;105.04767;118.40837;149.58481;126.66532;140.14553;139.47596;141.76855;137.48279;143.99531;181.39066;204.32055;211.49732;245.4771;259.134
Palestine;;--;--;--;--;--;--;--;--;--;--;--;--;--;--;--;--;--;3.37836;5.02838;4.97021;6.35985;8.30038;7.4818;7.77766;11.51288;13.71264;14.46149;14.33633;14.97572;15.82424
Qatar;;904.61798;810.3523;914.52596;763.41843;827.39746;683.10906;660.35402;660.70837;648.17355;646.48182;767.7505;861.18161;998.16071;1088.86897;1103.30903;1079.98559;1079.28495;1107.46018;1091.23595;994.46474;1028.3781;762.6907;761.99316;805.89494;929.4449;1074.38314;1129.17322;1162.02566;1174.79881;1229.55595
Saudi Arabia;;165.97342;190.03666;174.2814;177.63367;195.66636;203.31331;215.3558;210.16433;208.98929;197.51154;208.42105;214.6018;214.73829;164.95214;214.28243;203.9835;212.7367;220.28021;223.48403;221.00049;227.70207;235.76262;241.69505;253.32108;267.57308;278.88309;287.2757;255.34932;302.0678;309.29977
Syria;;31.31133;31.95177;31.45248;34.30795;36.48466;36.77792;35.38496;38.6608;38.87496;40.03542;45.0227;40.2853;40.39985;39.839;45.0571;42.15725;43.93683;45.58874;48.08374;48.17531;47.48022;45.14187;47.99304;46.77681;46.76477;43.43587;42.36396;39.93925;38.79439;39.4487
United Arab Emirates;;267.22884;407.78913;363.80323;422.54156;452.97041;584.59045;627.17939;699.89324;722.76566;736.67303;673.14261;770.20818;784.9496;669.37309;643.14448;653.61095;641.94213;644.88639;634.19191;610.16383;579.7237;558.29408;577.76212;564.00646;567.82449;566.1559;595.18446;635.50892;712.47513;679.3804
Yemen;;10.5216;10.41284;11.86245;10.4798;12.91441;13.91727;12.98583;12.49845;12.41215;12.88045;12.90664;12.8841;12.91453;9.26939;9.56534;10.08503;9.95585;10.03065;10.4563;10.61058;11.12593;11.44823;12.17895;12.77529;12.48101;12.62222;13.37787;11.83142;14.39831;15.48295
Africa;;14.18979;14.1759;14.87003;15.1111;15.45607;15.35882;15.37453;15.36421;15.55955;15.08741;14.99914;15.19116;14.94987;13.71845;14.92174;14.92741;14.95501;15.24318;14.74895;14.82209;14.97505;15.33546;15.07841;15.46277;15.79126;16.07299;15.79026;15.99214;16.68114;16.17249
Algeria;;42.58489;35.04165;47.80934;51.93137;54.15619;47.61069;46.83215;48.80239;50.57894;47.77261;48.50312;52.75215;49.4171;40.25236;44.96955;46.3996;44.20161;41.34993;42.43483;41.74972;40.70343;40.68601;40.76924;40.72658;39.30412;45.49461;46.82078;48.54335;50.96961;53.8041
Angola;;8.62509;8.43804;8.80533;9.20788;8.05152;9.63428;9.54009;9.56075;9.7565;9.37158;9.62155;9.74865;9.7838;9.02156;8.97776;9.30007;8.74118;9.46254;8.45847;9.22019;8.76301;11.32058;11.8408;12.2316;12.69649;12.66455;13.88718;15.24761;15.787;15.95843
Benin;;1.90633;1.85759;1.27544;1.81127;1.71176;1.95183;1.83735;1.39573;1.61881;1.68379;1.88901;2.09457;2.27714;2.37016;2.38408;2.52897;2.63586;2.77671;2.88079;3.04948;3.66465;3.58101;3.67257;4.18607;4.72406;4.78976;5.46192;5.75435;5.91045;6.11221
Botswana;;16.86115;16.5013;14.79691;13.90071;13.82142;17.65206;18.11557;19.9569;20.74637;22.99111;26.07308;26.24239;29.05391;26.56155;27.5922;29.03721;26.08498;26.60806;29.50289;29.40172;34.26115;29.98348;29.78616;28.17789;31.61451;33.33466;33.54956;32.10247;32.83503;29.94797
Burkina Faso;;0.97053;0.95222;0.93126;0.91152;0.8889;0.82416;0.93925;0.95113;0.94212;0.81594;0.84379;0.93925;0.91913;0.93765;1.06249;1.04973;1.0656;1.6173;1.43658;1.43265;1.43391;1.38073;1.374;1.37988;1.35954;1.34975;1.29816;1.40689;1.31775;1.2772
Burundi;;0.36989;0.40194;0.34682;0.42927;0.53823;0.56298;0.56059;0.62063;0.89159;0.93403;0.99039;1.06864;0.98574;0.75027;1.17174;1.0681;1.07668;1.08259;1.04612;0.99746;0.96441;1.01054;0.99779;0.96579;0.84901;0.81837;0.75369;0.70008;0.44261;0.73527
Cameroon;;5.37825;5.76562;6.51553;6.29953;6.19852;6.27175;6.63858;6.11865;5.92029;6.69316;6.53714;6.42338;6.26618;4.62774;5.62011;5.61202;5.45105;5.59799;5.46605;5.21841;5.30035;5.19858;4.85121;5.08655;5.14112;4.96873;5.23546;5.44219;5.68069;5.12015
Cape Verde;;15.31139;15.07985;6.56387;6.35634;7.63554;7.43798;2.49326;2.72297;3.88361;4.10005;4.30116;4.33911;4.45372;3.75222;4.7247;4.50892;4.66085;4.56446;4.48973;4.39759;7.38698;4.89113;5.10432;4.99156;9.34713;7.9307;8.79008;10.14684;10.26707;9.84485
Central African Republic;;1.1664;1.38573;1.44612;1.47734;1.37999;1.31784;1.53981;1.37275;1.41114;1.31844;1.37414;1.38782;1.37705;1.36188;1.39607;1.36485;1.35123;1.34998;1.33511;1.30439;1.35405;1.35364;1.36928;1.34493;1.25058;1.21737;1.26424;1.37708;1.38305;1.15984
Chad;;0.89952;0.86048;0.82085;0.78151;0.37034;0.43742;0.76604;0.64506;0.41844;0.41567;0.84332;0.76498;0.74073;0.30476;0.38142;0.36504;0.36162;0.35345;0.34316;0.33295;0.35041;0.3467;0.34683;0.33456;0.29849;0.32124;0.33689;0.38312;0.35821;0.40962
Comoros;;1.9003;1.85375;1.81156;1.76941;1.75365;1.45988;1.42574;2.20488;2.24735;2.19298;2.75741;2.5806;2.49971;1.91858;2.45255;2.37335;2.30255;2.23916;2.25454;2.18705;2.34441;2.35623;2.37579;2.3225;2.32122;2.39315;2.36467;2.82585;2.87801;2.83752
Congo (Brazzaville);;7.13145;8.24382;7.21959;6.24013;6.39602;8.89106;7.55283;8.92044;7.0549;7.85748;8.50371;7.55634;6.97475;5.23166;5.66132;5.55477;5.66046;5.45582;4.98123;3.98392;4.19506;4.93742;4.62266;5.04446;5.27506;6.9198;7.72138;7.90833;10.093;11.32495
Congo (Kinshasa);;3.12678;3.1121;3.06952;3.09769;2.95423;2.92987;3.02485;2.79426;2.99793;2.97308;2.72179;2.60565;2.76634;2.49602;2.2115;2.33879;2.31739;2.06883;1.91703;1.84801;1.76883;1.54541;1.44598;1.42627;1.6337;1.63414;1.60955;1.65453;1.55286;1.55643
Cote dIvoire (IvoryCoast);;8.5973;9.11764;8.24863;7.69054;6.56836;7.46352;7.33588;7.7961;7.86145;7.60612;6.23697;5.0497;4.75129;4.55439;5.19746;5.47447;6.63716;6.08578;6.006;7.60869;7.86314;6.35315;6.05269;6.02012;6.15939;5.93299;5.84122;5.99754;6.41621;6.32341
Djibouti;;67.45739;51.34429;49.93879;35.49688;29.24359;28.31107;24.57221;24.31303;23.31338;52.0632;46.59824;42.61999;43.11628;42.39641;44.3719;43.69223;42.50828;41.34986;39.45867;37.90911;36.82444;36.10737;34.98848;37.04642;39.39289;38.49356;34.95961;33.40146;23.14925;35.0341
Egypt;;16.56862;18.74231;20.29581;22.32761;23.70045;24.22814;24.12626;24.77221;24.48808;24.99356;26.18869;25.64594;25.2021;23.89987;26.76119;26.93637;28.90116;29.30428;29.62853;30.1504;30.77313;33.42423;33.18956;35.00484;36.37701;37.52157;34.61148;36.19449;41.85029;42.94699
Equatorial Guinea;;3.3076;3.10881;3.70568;3.5251;3.36858;3.70515;3.621;3.39635;3.29827;4.66323;4.65699;4.76019;4.39622;4.49388;4.48496;4.34912;4.32745;4.53365;5.99974;5.83059;8.8004;6.9919;94.89191;94.48159;10.69884;88.78528;86.48884;98.03337;94.12107;94.16813
Eritrea;;--;--;--;--;--;--;--;--;--;--;--;--;--;--;4.06341;4.26334;4.16028;4.09737;4.25168;3.48483;2.11558;2.42508;2.16833;2.34729;2.11221;2.04424;1.9843;1.81687;2.01425;1.98349
Ethiopia;;0.77949;0.75718;0.8067;0.89241;0.866;1.00802;0.96775;1.06255;1.01129;1.03902;1.03254;0.86433;1.12472;0.99107;0.81437;0.8562;0.6945;0.6829;0.86127;0.98123;1.00543;1.05206;1.09252;1.15589;1.17272;1.21326;1.33082;1.39828;1.59489;1.52466
Gabon;;39.8147;43.82491;40.07317;53.22384;46.35367;38.07401;33.38322;37.83426;39.23758;47.8747;46.1486;46.04273;46.13326;39.94072;42.46707;39.02355;39.46056;40.5217;38.18587;33.35462;29.74163;30.0448;29.13222;29.19499;28.7548;27.45387;29.64489;29.83408;35.76457;29.94479
Gambia, The;;3.33322;3.21804;3.1152;3.01565;3.21466;3.05991;2.75248;3.06834;3.04994;2.89831;2.84965;2.86294;2.747;2.80731;2.98843;2.68673;2.58327;2.49966;2.55287;2.46776;2.66903;2.77646;2.75321;2.70016;2.63543;2.65071;2.76087;3.31526;3.36533;3.56936
Ghana;;7.81775;7.42872;7.25008;4.5566;4.00844;4.4161;5.65112;6.00473;6.39951;6.87226;6.51448;6.58312;6.95605;6.34636;6.64645;6.61038;6.82991;6.59471;5.04465;6.00806;7.23304;7.0262;6.32611;5.93526;6.71042;6.7702;6.66595;5.79926;6.35986;7.75046
Guinea;;3.08979;2.97268;2.95905;2.89932;2.8388;2.3703;2.96549;3.03169;3.02321;2.86594;3.57339;2.65295;2.61296;2.39564;2.59448;2.50511;2.4462;2.53882;2.54156;2.57076;2.6053;2.78553;2.80783;2.52118;2.63421;2.57633;2.46732;2.44952;2.47386;2.25685
Guinea-Bissau;;1.56167;1.52158;1.51132;1.47691;1.94733;2.04844;1.57134;2.82792;3.08278;3.15481;3.89995;3.88965;3.80523;3.16091;3.91112;3.78135;3.73684;3.65966;3.57545;3.4949;3.78863;3.75212;3.80898;3.83105;3.73594;3.80374;3.69562;3.74062;3.60183;4.1374
Kenya;;6.07005;5.99941;5.71598;5.47313;5.20158;5.22139;5.347;4.74243;5.16529;5.39373;5.31533;4.75542;4.93086;4.70801;5.03636;5.10515;5.18399;4.73623;5.10956;4.7683;4.61955;4.56186;4.63487;4.86255;4.94937;5.22362;5.58373;5.46089;4.9446;5.00958
Lesotho;;1.5612;1.37402;1.47681;1.43801;1.40361;1.41141;1.38441;1.35948;0.91078;1.31211;1.67421;1.67352;1.73822;1.73777;1.93342;1.9299;1.9278;1.88218;1.6896;2.44965;3.06612;3.10987;3.19155;3.29891;3.09148;3.44181;2.76526;2.95416;3.06518;3.19657
Liberia;;17.14737;15.35455;14.98823;14.47396;12.31436;12.11924;9.49406;7.1899;8.64318;6.86941;3.80451;2.62239;2.54904;2.50945;2.77774;2.80295;2.86128;2.66388;2.45459;2.31109;2.36997;2.43273;2.56227;2.62552;2.6304;2.5413;2.76204;2.88019;2.45294;2.77476
Libya;;129.51427;111.45127;105.70717;109.15071;105.86229;114.42494;119.30623;118.85266;118.47299;119.23667;123.02608;124.98127;113.55523;98.6595;115.57244;118.66856;124.51975;129.50946;121.4539;111.45828;122.89271;127.04412;129.5708;124.18605;134.31355;134.5848;124.45688;126.16912;120.08268;123.43136
Madagascar;;2.17589;1.84403;1.65249;2.04622;1.97906;2.0898;1.47499;1.95136;2.07609;1.52713;1.45963;1.45456;1.49946;1.40141;1.59722;1.60977;1.59635;1.58121;1.57398;1.5314;1.96451;2.05527;2.24489;2.28627;2.40793;2.25945;2.17008;2.15017;2.27232;2.28875
Malawi;;1.90421;1.92606;1.76084;1.5571;1.49767;1.54402;1.50854;1.48461;1.35556;1.4369;1.56132;1.73652;1.68871;1.57189;1.78933;1.85664;1.83919;1.79774;1.87136;1.92858;1.97732;1.96785;1.96218;1.91255;2.0741;2.13885;2.09021;2.18542;2.11123;2.189
Mali;;1.03175;1.30563;1.02532;1.02624;1.02395;1.08463;0.8814;0.98212;0.6043;1.02314;1.01384;1.02003;1.03377;1.03884;1.03858;1.0238;1.00715;1.01001;0.99529;0.96805;0.96322;0.94276;0.982;0.96324;0.96738;1.03033;0.9346;0.93078;0.92579;1.00465
Mauritania;;5.95273;5.6935;5.64086;5.48589;7.80998;7.54587;4.20388;5.6625;7.09136;8.08391;7.04365;7.24472;22.52913;18.56543;21.65259;21.44247;21.21438;20.9759;20.5298;19.9989;19.89674;19.39529;18.04145;18.07651;14.99593;17.29339;14.45797;13.00609;14.33858;13.84028
Mauritius;;14.17273;12.32052;12.101;12.84165;13.26084;14.14966;17.0537;14.95675;20.2866;23.8292;26.12711;25.88177;30.29448;28.0872;29.23304;31.64181;31.1638;31.1856;31.79835;34.67832;44.99905;49.89539;44.89408;45.87071;47.69879;48.88457;50.90434;51.9943;51.554;52.08679
Morocco;;11.60797;10.90185;10.80254;10.83605;9.9233;10.35523;11.38381;11.18749;11.52574;12.62263;12.87449;13.07373;13.13803;11.95908;15.1804;14.29869;15.01476;15.05237;15.18491;15.75635;15.89923;16.89746;16.92549;16.82139;16.65568;16.64214;17.07118;17.26697;19.3233;19.48065
Mozambique;;14.49781;5.41006;5.12036;6.75043;2.64575;2.53509;1.37875;1.34612;1.96676;1.61513;1.60763;1.61225;1.54955;1.59484;1.443;1.42168;1.32488;1.54349;1.868;4.40257;5.56427;7.04153;7.02007;6.82081;7.20499;7.84811;8.63913;8.54484;7.84834;8.44013
Namibia;;--;--;--;--;--;--;--;--;--;--;23.35915;11.96367;10.90856;11.26133;12.38796;18.97724;17.90425;17.00007;18.44664;20.88137;21.91995;24.50365;25.65314;27.18958;28.35699;28.89568;30.54746;31.35918;34.7595;33.92539
Niger;;1.50174;1.52505;1.56424;1.57565;1.61915;1.58427;1.30369;1.40624;1.83607;1.86583;1.85758;1.81278;1.78221;1.74177;1.73181;1.67022;1.60251;1.53094;1.48559;1.41533;1.37971;1.36347;1.39332;1.37974;1.36821;1.29661;1.24749;1.21588;0.8854;1.24207
Nigeria;;5.64389;6.71429;6.50178;6.38686;6.72708;7.06241;6.74412;6.93055;7.22783;7.62608;7.23427;7.76449;7.73778;7.18445;6.95789;7.60683;7.57381;7.40615;6.93715;6.79177;6.57101;7.22964;7.25372;7.42845;7.30669;7.93663;7.40658;6.9532;7.17786;5.17889
Reunion;;23.43172;24.72865;26.44921;29.16522;30.06622;30.39618;29.84585;31.96243;34.24277;36.75559;38.62934;41.32096;42.00624;42.10322;50.97405;49.86135;50.75936;50.79906;62.80383;61.06976;61.29558;62.69922;61.66772;60.85326;60.57287;61.7112;62.3928;63.93599;65.8741;67.51837
Rwanda;;0.68968;1.21415;1.17731;1.28801;1.87992;1.88395;1.78224;1.77355;1.71649;1.72281;1.71345;1.69904;1.70554;1.14924;1.76997;2.13609;1.75805;1.551;1.51834;1.44038;1.46881;1.43211;1.40879;1.40423;1.28622;1.29202;1.25817;1.08376;1.08452;1.12733
Saint Helena;;0;6.0818;6.32625;6.22407;5.60897;5.41494;5.24351;13.54826;13.42101;13.36446;13.27044;6.47453;6.40733;12.90607;12.84534;12.74178;12.60354;12.53426;12.43389;12.33511;42.87282;24.16959;23.99825;23.83254;17.66979;23.47188;21.62678;23.80008;18.11467;27.70119
Sao Tome and Principe;;5.75859;5.6113;5.61526;5.30415;5.41071;5.44772;5.26205;5.24723;5.11753;5.02657;9.0483;9.28341;9.43647;8.86442;9.50346;9.33734;9.1432;8.98143;8.72421;8.69268;9.80326;9.19002;9.41524;9.27486;8.94434;8.92263;9.82946;11.76015;11.64931;12.97281
Senegal;;6.59078;6.23186;6.21022;5.78396;6.70647;6.40912;6.16378;6.04349;5.02547;5.07379;4.868;4.37856;5.19811;4.29067;6.2329;6.54574;6.40198;5.73739;5.95089;6.40109;6.66835;6.48658;6.60513;6.63522;7.403;7.70169;7.68795;7.61779;7.52669;7.55313
Seychelles;;49.47306;39.16841;35.81385;61.47678;64.016;64.97953;64.58974;68.16802;93.50126;97.9811;88.97081;94.62512;96.07019;96.81094;97.75972;97.34551;96.07558;102.3358;101.31608;100.06741;102.38476;104.12072;149.75395;144.4482;147.96811;144.15781;188.6837;156.13497;169.97764;169.28963
Sierra Leone;;3.16999;3.1245;3.2849;3.03444;2.95731;3.15007;3.32297;3.48959;3.7106;3.61428;3.50481;3.5835;2.67197;2.28138;2.64518;3.13348;3.18309;3.30063;3.33034;3.3394;3.50611;3.37744;3.24115;3.18208;3.65436;3.5557;3.44346;3.63074;4.22397;3.86207
Somalia;;2.85749;3.30874;3.24381;3.07719;3.08778;2.92264;2.98968;2.14701;2.17964;2.26789;2.09497;1.29136;1.26929;1.25702;1.28168;1.25439;1.22128;1.18929;1.15273;1.11965;1.35184;1.30912;1.26436;1.23397;1.19006;1.16676;1.18626;1.30099;1.20611;1.3059
South Africa;;90.01358;94.60997;97.95619;95.77385;100.51491;99.15996;99.54561;98.5453;99.16623;90.92584;91.57378;93.54417;93.8347;89.7546;98.03061;97.3247;97.33224;105.10873;98.93038;100.23609;101.71239;101.95944;98.43576;104.70769;110.87701;107.87564;110.40663;114.16167;116.9884;111.48651
Sudan and South Sudan;;2.68154;2.77006;2.89701;2.70384;2.4264;2.65889;2.89506;2.76149;2.91289;2.7332;2.45724;3.28318;2.9583;2.46929;2.41165;2.20305;2.17451;2.16889;2.11505;2.23751;3.01248;3.72038;3.75003;4.05023;4.26759;4.47621;4.8633;4.60798;4.97286;5.27484
Swaziland;;16.50531;15.24123;14.24463;10.9431;12.39851;14.91762;13.85294;14.69842;14.79691;14.81339;13.89924;13.21462;12.71775;11.24359;14.66243;15.6149;14.10568;14.19923;15.0059;16.15274;16.10018;15.67377;19.74985;16.91189;16.8066;13.1529;13.7788;15.17401;15.12389;14.71895
Tanzania;;2.09103;2.27245;2.17207;1.95537;2.02187;1.99453;2.21427;1.9818;2.0348;2.03197;2.16154;1.91624;1.94051;1.92212;1.71244;1.64247;1.69065;1.54229;1.72061;1.77403;1.72645;1.98494;2.12683;2.10658;2.20822;2.40942;2.4343;2.80149;2.92123;3.05956
Togo;;3.65913;3.32002;3.1917;3.19613;3.63663;3.43243;2.80964;2.59782;2.61477;2.88763;2.77393;4.37248;3.09233;2.62587;2.827;2.92521;2.68783;2.44766;2.5991;3.58408;4.38927;3.09352;3.89855;5.90989;6.08962;5.86954;5.9374;6.22035;6.86678;7.13035
Tunisia;;19.88358;21.35503;19.93712;22.33268;23.25331;23.16427;23.9322;21.79758;22.67994;25.28963;24.59557;23.61274;22.36357;22.95736;26.87998;23.64581;25.35518;28.99501;30.69781;30.59231;31.45781;34.767;34.62677;33.48744;33.43345;35.54258;32.75455;31.05073;35.04981;29.30027
Uganda;;1.28416;0.89229;0.99085;0.91497;0.97024;0.98884;1.02075;0.8823;1.09526;1.05706;1.11198;1.1561;1.24083;1.14001;1.20888;1.19486;1.19572;1.23863;1.2967;1.25908;1.37007;1.4179;1.43306;1.49097;1.49048;1.47742;1.30862;1.40936;1.38694;1.40082
Western Sahara;;19.00148;16.88847;17.07571;15.42101;15.34829;15.05072;14.51297;14.40345;14.03142;13.54301;13.63179;13.12601;12.78577;11.53188;11.55481;11.87803;11.25707;10.73998;10.23119;9.75886;10.71622;10.39903;9.95473;9.53891;9.09925;9.92628;8.47576;8.58844;7.91067;8.88867
Zambia;;23.49506;23.00097;22.75913;21.38698;20.22198;19.39079;18.67303;16.71445;16.51111;13.54088;14.19005;13.30257;13.50371;12.08794;11.41233;11.2383;10.53768;11.2282;10.42248;9.85941;9.59294;9.85037;9.89187;10.07328;10.03128;10.36958;10.57232;10.24528;10.02298;10.14
Zimbabwe;;21.64213;20.96932;19.00059;20.6936;18.80816;17.99967;20.75273;21.37716;21.11371;20.50739;21.63437;22.19805;21.2119;18.86572;18.04281;17.82029;18.11175;17.43154;17.21668;19.39937;17.94816;16.80363;16.84001;16.74291;15.00307;16.66609;15.20481;14.99032;14.46639;14.27516
Asia & Oceania;;19.75316;19.70023;19.62406;19.93073;21.25933;21.81236;22.31164;23.00608;24.22359;24.64928;25.16953;25.8502;26.33441;26.49703;28.80091;29.7386;30.12059;31.18638;30.521;30.95775;31.15984;31.74723;33.27658;35.47451;39.33693;41.08449;42.72489;44.0812;46.15226;47.31486
Afghanistan;;1.79363;2.22002;2.57108;3.11358;3.06829;2.95677;3.03855;4.87906;8.5245;8.2266;8.10764;3.53927;2.17634;1.85275;1.71288;1.3794;1.33172;1.23637;1.16466;1.1383;1.08244;0.80303;0.79099;0.66791;0.64469;0.66499;0.73552;0.78736;0.82092;0.80318
American Samoa;;182.83053;205.98303;277.1855;168.36877;187.45282;168.68998;167.57688;163.85648;154.87237;171.07113;171.07007;166.24465;165.54325;155.11829;152.26234;146.51427;145.71392;143.48155;141.05448;138.81846;135.65562;133.78104;133.9649;132.04954;129.27339;135.63203;136.14661;143.98473;132.07625;129.91433
Australia;;187.65985;189.26865;190.88352;192.76188;208.43422;207.96262;204.29278;212.81519;208.47542;216.92646;218.98243;215.58534;218.8178;222.31718;220.48663;224.5306;231.58216;247.08725;246.04269;255.03404;253.66085;259.29287;259.63623;258.76965;264.34224;267.81832;266.12305;267.22529;267.62951;262.88462
Bangladesh;;1.45529;1.47992;1.56209;1.42496;1.66542;1.69381;1.80177;1.94795;2.11734;2.28206;2.25837;2.25847;2.47497;2.54015;2.84082;3.14358;3.15166;3.21219;3.28305;3.58313;3.8127;4.10894;4.26683;4.55746;4.73373;4.91856;5.25498;5.39118;5.79019;6.16669
Bhutan;;0.3296;0.97423;1.20256;1.06756;0.93629;1.17763;5.07515;17.09126;20.81832;20.47954;21.19643;21.18169;22.4175;22.94013;25.78689;27.88768;30.96963;30.5676;29.11336;28.88495;28.47551;30.70523;33.61688;36.36553;33.21658;35.84675;53.68098;75.61851;79.3321;75.44142
Brunei;;442.81942;441.73914;467.71128;355.60695;304.62592;352.21451;226.66529;352.98123;298.61742;336.64711;277.82432;149.24576;206.60733;178.14267;179.39014;215.00731;195.30847;203.19829;179.63182;197.15426;199.5228;219.77648;249.30961;259.40647;283.43434;319.92372;479.74589;485.3054;495.66563;324.36669
Burma (Myanmar);;2.08488;2.10843;2.29123;2.57531;2.74481;2.81912;2.3698;2.30764;2.15636;2.22934;2.11666;2.05004;2.10942;2.12521;2.56145;2.67139;2.66174;2.80182;3.00746;2.9936;3.28921;3.17352;3.66312;3.9426;4.22217;5.41932;4.97419;5.32587;5.25388;4.82812
Cambodia;;0.65989;0.67761;0.73125;0.74605;0.79781;0.79802;0.80649;0.7887;0.79301;0.76806;0.74976;0.74385;0.73331;0.70007;0.69552;1.88385;2.03646;2.33816;2.68018;2.6845;2.76048;3.1729;3.36091;3.60844;3.97119;4.15998;4.50717;4.7924;4.93921;4.85519
China;;17.55539;17.24377;17.7126;18.48548;19.61478;20.79929;21.6258;22.63741;23.76413;23.8412;23.51048;24.19872;24.85366;25.22161;28.33538;28.57407;28.95514;30.48765;29.69062;29.07419;28.76773;30.22787;34.36914;39.83129;48.73665;52.58801;55.88756;58.97403;64.28904;68.19164
Cook Islands;;23.1538;47.43285;47.19849;47.4584;46.77901;47.33322;42.99191;42.93109;42.24243;36.82551;36.33901;29.92617;35.93066;36.07202;36.34964;36.46429;36.72318;37.45753;38.51559;39.70831;49.11015;51.06797;53.01563;54.99483;62.97833;72.02382;78.37635;75.7454;82.32901;178.33267
Fiji;;24.08983;24.37544;23.45997;19.65104;21.17899;20.94704;24.76489;20.48051;20.61786;23.43019;25.62047;21.7033;22.04916;20.76897;23.76103;25.09351;25.62699;25.29593;24.34326;26.5631;30.24019;32.39281;36.96161;44.32018;48.07515;46.90144;48.53609;47.88855;50.87982;54.55702
French Polynesia;;20.68312;29.59804;38.91133;50.91563;74.65268;63.66862;77.25844;76.61225;75.07772;73.23461;68.15387;65.83345;62.80911;57.31949;48.65634;50.35195;49.61697;48.72201;48.56981;45.02593;43.02528;41.98878;43.64829;51.87268;51.24164;54.59956;58.55496;57.71741;61.94475;59.2435
Guam;;498.61981;682.41943;530.67033;486.15007;162.74212;77.96709;127.25094;86.31842;88.30843;81.77554;193.39441;212.96317;246.63949;322.41569;464.06625;349.43002;308.21164;348.31669;281.82449;308.04264;252.90137;267.22013;178.94393;202.30943;158.33304;174.26861;178.74858;158.5765;135.56634;129.09042
Hawaiian Trade Zone;;NA;NA;NA;NA;NA;NA;NA;--;--;--;--;--;--;--;--;--;--;--;--;--;--;--;--;--;--;--;--;--;--;--
Hong Kong;;53.80133;54.70603;59.07215;64.13854;65.49069;67.84076;70.97222;78.812;87.7779;90.84878;89.05271;86.04862;95.41291;95.42366;97.7676;100.98138;106.39437;106.2761;111.52376;131.00596;120.99217;127.73746;136.86975;140.71958;155.6035;161.63482;158.84822;162.83501;155.57135;155.73218
India;;5.90005;6.61804;6.63968;6.85306;7.59928;7.78575;8.20383;8.15667;8.73895;9.07485;9.40053;9.80861;10.17146;9.85773;11.01757;12.42973;11.77502;12.18629;12.51526;13.12941;13.37762;13.61979;13.22051;13.45752;14.32104;14.99818;15.94742;16.76634;17.52823;18.74733
Indonesia;;7.71941;8.25301;8.3019;8.63262;8.92941;9.20523;9.73111;9.95741;10.48696;11.66817;12.64629;13.64569;13.96327;14.44371;15.87203;16.31682;17.47468;17.66792;16.86507;18.29772;18.03235;17.89944;18.6256;18.76759;19.29691;20.27803;22.19893;23.69352;24.49227;25.18963
Japan;;130.10871;128.52703;123.01143;119.83792;130.34206;129.93767;129.3052;132.6851;140.37575;144.18064;151.86774;155.811;155.58701;156.62893;162.60509;167.01471;169.52731;173.35185;169.94699;173.39908;176.794;174.78664;173.8187;173.67465;178.50295;177.63937;179.23577;177.15572;171.75697;162.08644
Kiribati;;5.83982;6.80982;6.67217;6.58888;4.77538;4.7071;4.14463;4.69423;4.55041;4.43683;4.31852;5.06044;4.17037;4.11154;4.07207;4.02254;3.94156;3.86334;3.77643;3.69415;4.11765;4.05097;5.0855;5.00403;4.89911;5.78977;5.6977;6.01235;5.47911;6.46341
Korea, North;;77.57184;79.04309;81.55971;83.90969;85.03113;87.87532;86.26374;81.95822;99.1937;79.98016;76.53484;73.43824;63.57732;57.69995;53.70578;49.5158;42.47472;39.04482;35.83074;39.0262;40.41739;41.01852;39.17826;40.12962;40.7566;42.02381;41.96107;35.81644;39.22896;37.08595
Korea, South;;46.12223;47.05878;46.60416;50.36694;52.8339;56.50932;62.47634;67.6641;74.30358;80.00935;89.60582;100.21461;110.19004;121.69256;130.50714;141.03282;148.36046;159.96459;149.57325;160.73302;167.30872;171.63657;176.98419;181.5733;186.20653;192.22406;194.07344;201.15171;204.35515;205.29909
Laos;;3.98209;3.38409;3.39743;3.08324;2.69803;2.56765;2.57489;1.98948;1.81815;2.21895;2.41568;2.46933;2.43964;2.20295;2.34979;2.69747;3.40772;3.76741;4.78939;5.39956;6.55006;6.83541;6.68883;6.34306;6.3663;6.57253;6.64094;6.73637;7.08468;6.89394
Macau;;27.2782;25.11797;25.804;34.51733;36.35773;29.18283;39.74445;42.83903;41.38331;43.20463;43.02212;41.77294;41.82328;42.03095;47.13092;46.81251;50.91799;51.32959;54.59172;57.12358;51.20354;54.48327;58.91771;60.47027;71.34274;60.27766;70.52471;71.80805;75.94149;75.16443
Malaysia;;31.084;31.62797;31.83722;34.83997;40.39741;44.68351;46.54145;45.46576;46.8856;49.60143;54.78547;59.14743;60.28184;60.28529;71.95541;72.25536;78.67949;78.01994;76.82884;77.28368;85.38215;88.20794;89.58318;91.1499;88.73806;88.16293;89.47964;86.43077;95.49245;96.81148
Maldives;;1.39334;1.31641;1.27857;1.25264;4.79948;5.09879;6.19115;5.94651;6.13897;5.91548;6.29821;6.00405;5.90909;6.91941;13.48638;18.52311;18.12116;15.69242;16.62686;16.03955;22.1047;23.31287;41.90431;46.14163;31.43158;24.46954;32.62317;35.04498;34.03024;32.02736
Mongolia;;50.02196;44.31759;51.46509;51.54686;50.76519;54.51878;56.64213;58.04671;58.52897;53.51698;49.16013;56.8947;48.19287;42.57278;39.48825;40.87744;30.35161;24.4585;24.0995;23.46178;23.69956;24.09778;25.34;22.72705;20.54317;25.04245;28.24068;28.84856;30.12633;30.90994
Nauru;;246.1738;243.88691;239.49475;235.05585;238.20387;230.71504;226.14763;221.1447;215.81461;211.8659;216.4066;212.44344;212.65288;212.71488;213.27891;217.61919;216.82591;216.5827;216.21023;216.45109;216.32053;216.27714;224.49106;224.2649;226.26771;230.3426;236.47075;252.33132;252.13116;275.55063
Nepal;;0.56362;0.50632;0.6334;0.69372;0.78689;0.66495;0.81843;0.9456;0.92409;0.90553;0.9486;1.12521;1.17469;1.10151;1.27362;1.38734;1.52007;1.59846;2.09193;2.34217;2.3392;2.45198;2.27019;2.34211;2.36257;2.56012;2.46516;2.50912;2.49926;2.71702
New Caledonia;;197.64267;186.06252;143.90791;121.59484;144.04388;148.39144;143.50963;137.5001;147.32121;158.36541;147.38275;147.00965;147.55021;140.96121;138.65664;137.8812;139.54316;127.1735;127.91022;128.07529;140.82632;135.65809;147.04144;148.58746;155.57499;151.15143;172.05778;177.31835;175.76964;169.03524
New Zealand;;157.06688;154.83726;156.44876;162.29082;170.91929;173.1799;186.77376;187.68327;200.74922;199.77726;206.9607;205.4586;200.98656;204.8339;214.7837;212.5007;207.27686;210.42441;205.09587;213.30385;218.41504;215.63752;218.98949;213.20971;214.31462;209.21866;206.96351;204.40934;202.64886;201.73313
Niue;;21.5;21.5;21.5;21.5;21.5;21.5;21.78678;21.78678;21.72725;21.78678;21.78678;21.78678;21.72725;21.71837;21.78678;21.78678;21.72725;21.78678;21.78678;21.78678;21.72725;20.55356;20.45707;20.26677;20.06286;26.15317;30.17674;32.40741;22.05291;35.259
Pakistan;;7.40921;7.53045;8.31005;8.17608;8.24692;8.54655;8.86284;9.26924;9.62667;9.82881;9.90254;10.21437;10.48303;10.64359;11.72576;11.78452;12.10102;11.96146;11.99607;12.22519;12.1742;11.54102;11.38198;11.77535;11.96517;12.77815;13.9127;14.22436;13.95557;13.87239
Papua New Guinea;;10.1971;9.91481;9.64917;9.68906;10.6453;10.88207;10.822;11.48693;10.53776;10.53371;10.39653;10.04925;10.28042;10.02986;9.46979;10.73369;10.86035;9.99871;9.79478;9.65202;9.46911;9.27247;11.99687;13.35989;12.89576;12.79919;13.0173;12.84374;14.43606;14.90285
Philippines;;10.86123;10.27255;10.0968;9.54079;8.93744;8.42016;8.31576;9.08862;9.51112;10.37459;10.37403;10.11886;10.51805;10.61391;11.8338;12.41681;12.87452;13.31589;13.34746;13.92707;13.95726;13.47613;13.47049;13.55167;13.63235;13.37972;13.00274;12.46165;12.45742;12.24804
Samoa;;9.10902;9.55245;10.63513;10.64522;13.83035;11.23325;11.45583;11.30627;11.23864;11.90992;12.39019;12.3294;12.78263;12.67583;12.0838;12.82586;12.93385;13.00908;13.1877;13.37717;13.26346;13.95788;15.07428;14.50704;14.51639;15.12284;14.77105;14.92873;14.87695;13.64868
Singapore;;182.98486;182.52957;184.91402;181.22371;187.28674;181.11347;208.04111;226.82131;235.78067;247.79027;263.39999;271.74047;299.60869;288.95687;340.60246;334.53174;368.07606;381.55158;384.1424;374.43608;377.09933;391.18185;379.58475;393.49051;435.02271;459.84864;463.28938;488.66234;551.96714;485.24861
Solomon Islands;;6.3527;8.72089;7.63788;8.18494;7.95424;6.71596;6.51709;7.28416;7.73835;7.78941;7.68021;7.4407;7.06402;6.32228;6.41925;6.45952;6.25152;6.08604;5.91155;5.74509;5.77419;5.63191;5.67367;5.52381;5.53241;5.93547;5.36432;5.82041;5.50922;7.74223
Sri Lanka;;5.86463;5.83348;5.93947;5.73699;6.70496;5.92152;5.99591;6.19685;5.86508;5.57016;6.08302;5.9966;6.03393;6.60594;7.47024;7.93208;7.81754;8.55184;8.80289;9.34777;9.74364;9.4905;9.49692;9.98112;9.81296;10.70452;10.44823;10.62479;10.51385;10.31442
Taiwan;;62.57435;58.88211;57.84976;64.90608;73.99849;75.31705;79.56948;84.19149;89.98798;94.84245;99.98094;101.58269;106.03672;101.51368;122.27348;133.12745;141.35122;146.75659;154.15082;161.1426;171.67873;172.66657;182.18312;188.97223;194.46755;195.34611;200.42148;201.73557;198.77413;195.49074
Thailand;;10.7997;11.3586;10.89606;11.42317;12.4768;13.67031;13.85774;14.98453;16.90778;19.71938;22.72789;24.50466;25.8783;27.44639;32.1323;35.96459;41.21304;43.02729;39.99897;40.80746;41.55393;43.11671;46.59753;50.6296;53.89102;56.75493;57.12716;58.89394;60.0548;59.97475
Timor-Leste (East Timor);;--;--;--;--;--;--;--;--;--;--;--;--;--;--;--;--;--;--;--;--;--;--;--;2.2989;2.45083;2.3931;2.38438;4.25346;4.321;4.29508
Tonga;;4.75039;6.93044;6.4316;6.86617;6.86886;7.10215;7.08255;10.36938;12.36659;13.42795;13.52504;15.55757;15.32928;15.02761;17.51525;17.37992;18.98646;19.25266;18.49532;18.1939;18.25526;17.05028;14.97602;14.6987;15.53544;18.47989;21.4334;21.54988;21.24753;17.49855
U.S. Pacific Islands;;15.85944;15.27669;14.76117;14.25982;13.03666;12.32561;12.70245;12.13144;15.17695;21.2652;20.49834;19.85012;19.3834;18.04698;19.18393;19.40338;19.39451;18.7257;18.41114;17.91855;17.60536;17.40919;16.86422;16.62559;16.28079;16.75192;17.71034;18.08916;20.53939;18.04304
Vanuatu;;14.73572;12.50644;12.19;11.50066;11.78329;12.38774;12.09585;11.2234;12.90979;11.21059;11.47355;8.80561;5.67952;5.29374;5.44488;5.331;5.20911;5.12107;5.02396;4.93192;6.21196;6.12227;6.47034;6.36488;6.43419;6.7745;6.48087;7.4186;6.6185;9.68126
Vietnam;;3.19012;3.08748;3.26929;3.24194;3.27562;3.56912;3.11691;3.50219;3.12204;3.68381;3.93456;4.09166;4.16905;4.67242;5.05796;6.46682;7.5669;7.67441;7.92812;8.74449;9.2965;10.13774;11.0989;11.88591;13.51603;14.20208;15.17701;16.05965;18.56038;19.18231
Wake Island;;NA;NA;NA;NA;NA;NA;NA;NA;NA;NA;NA;NA;NA;NA;NA;NA;NA;NA;NA;NA;NA;NA;NA;NA;NA;NA;NA;NA;NA;NA
World;;63.56176;61.93186;60.77261;60.53872;62.7329;63.40392;63.89052;64.76109;66.10652;66.11759;65.61647;64.7855;63.7611;62.0422;63.50676;63.95313;64.49852;64.65447;63.95888;64.31929;64.86968;64.53053;65.4346;67.01564;69.80463;70.90127;71.53462;72.2311;73.24817;71.26377
